{
    "sections": [
      {
        "title": "Programas IXC",
        "links": [
          {
            "id": "IXC",
            "url": "https://ixc.maxfibraltda.com.br/adm.php",
            "imgSrc": "https://maxfibraltda.com.br/wp-content/uploads/2024/05/IXC-PROVEDOR.png",
            "altText": "IXC",
            "text": "IXC",
            "popupText": "Para acessar esse atalho é <br>necessário fazer <strong> <a href='https://ixc.maxfibraltda.com.br/adm.php' target='_blank' rel='noopener noreferrer'>Login</a></strong>"
          },
          {
            "id": "IXCMapas",
            "url": "https://ixc.maxfibraltda.com.br/mapas.php?mode=fiber",
            "imgSrc": "https://maxfibraltda.com.br/wp-content/uploads/2024/05/IXC-IMAP.png",
            "altText": "IXC - FiberDocs",
            "text": "IXC - Imap"
          },
          {
            "id": "IXCService",
            "url": "https://ixc.maxfibraltda.com.br/mapas.php?mode=service",
            "imgSrc": "https://maxfibraltda.com.br/wp-content/uploads/2024/05/IXC-SERVICE.png",
            "altText": "IXC - Service",
            "text": "IXC - Service"
          },
          {
            "id": "IXCAcs",
            "url": "https://acs.maxfibraltda.com.br/",
            "imgSrc": "https://maxfibraltda.com.br/wp-content/uploads/2024/05/PRO-1-1.gif",
            "altText": "IXC - ACS",
            "text": "IXC - ACS"
          },
          {
            "id": "IXCwiki",
            "url": "https://wiki-erp.ixcsoft.com.br/",
            "imgSrc": "https://maxfibraltda.com.br/wp-content/uploads/2025/02/IXC-Wiki.jpg",
            "altText": "IXC - Wiki",
            "text": "IXC - Wiki"
          }
        ]
      },
      {
        "title": "Analise e Monitoramento",
        "links": [
          {
            "id": "DTDashboard",
            "url": "https://painel.hotspotsocial.xyz/",
            "imgSrc": "https://maxfibraltda.com.br/wp-content/uploads/2025/02/DT-network-1.jpg",
            "altText": "DT-NETWORK",
            "text": "DT-NETWORK"
          },
          {
            "id": "SmartOLT",
            "url": "https://grupomaxltda.smartolt.com/",
            "imgSrc": "https://maxfibraltda.com.br/wp-content/uploads/2024/05/SMART-OLT.png",
            "altText": "SMART-OLT",
            "text": "Smart-Olt"
          },
          {
            "id": "Grafana",
            "url": "http://172.25.255.20:3000/login",
            "imgSrc": "https://maxfibraltda.com.br/wp-content/uploads/2024/05/Grafana.png",
            "altText": "GRAFANA",
            "text": "Grafana"
          },
          {
            "id": "R8Rastreadores",
            "url": "https://www.r8rastreadores.com.br/map",
            "imgSrc": "https://maxfibraltda.com.br/wp-content/uploads/2024/06/R8-RASTREIO-1.jpg",
            "altText": "R8 - RASTREIO",
            "text": "R8 Rastreadores"
          }
        ]
      },
      {
        "title": "Administração e Controle",
        "links": [
          {
            "id": "Secullum",
            "url": "https://autenticador.secullum.com.br/Authorization?response_type=code&client_id=3&redirect_uri=https%3A%2F%2Fpontoweb.secullum.com.br%2FAuth",
            "imgSrc": "https://maxfibraltda.com.br/wp-content/uploads/2024/05/Secullum.png",
            "altText": "SECULLUM",
            "text": "Secullum - Ponto"
          },
          {
            "id": "CredLocaliza",
            "url": "https://credlocaliza.com.br/sistema/account/login",
            "imgSrc": "https://maxfibraltda.com.br/wp-content/uploads/2024/05/CRED-LOCALIZA.jpg",
            "altText": "CredLocaliza",
            "text": "CredLocaliza"
          },
          {
            "id": "PLayHUB",
            "url": "https://www.playhub.com.br/APP/Login",
            "imgSrc": "https://maxfibraltda.com.br/wp-content/uploads/2024/07/Copia-de-PRO.gif",
            "altText": "PlayHub",
            "text": "PlayHub"
          },
          {
            "id": "Totem",
            "url": "https://maxfibra.myog.io/admin/",
            "imgSrc": "https://maxfibraltda.com.br/wp-content/uploads/2024/08/DATACAKE.png",
            "altText": "Area Administração - Totem",
            "text": "Area Administração - Totem"
          },
          {
            "id": "AreaAdministrativa",
            "url": "https://wiki-erp.ixcsoft.com.br/",
            "imgSrc": "https://maxfibraltda.com.br/wp-content/uploads/2025/02/IXC-Wiki.jpg",
            "altText": "Wiki IXCSoft",
            "text": "Wiki - IXCSoft"
          },
          {
            "id": "GeradorProposta",
            "url": "https://grupomax.github.io/Gerador_Proposta_Comercial/",
            "imgSrc": "https://maxfibraltda.com.br/wp-content/uploads/2024/08/PropostaComecial.jpg",
            "altText": "Gerador de Proposta",
            "text": "Gerador de Proposta"
          },
          {
            "id": "ConsultaCPF",
            "url": "https://servicos.receita.fazenda.gov.br/Servicos/CPF/ConsultaSituacao/ConsultaPublica.asp",
            "imgSrc": "https://maxfibraltda.com.br/wp-content/uploads/2024/08/PRO.gif",
            "altText": "CPF CONSULTA",
            "text": "Consulta CPF"
          },
          {
            "id": "SSA",
            "url": "https://ssabrasil.com.br/",
            "imgSrc": "https://maxfibraltda.com.br/wp-content/uploads/2024/05/SSA-BRASIL.jpg",
            "altText": "SSA BRASIL",
            "text": "SSA BRASIL"
          }
        ]
      },
      {
        "title": "Atendimento ao Publico",
        "links": [
          {
            "id": "OpaSuite",
            "url": "https://maxfibra.opasuite.com.br",
            "imgSrc": "https://maxfibraltda.com.br/wp-content/uploads/2024/05/OPA-Max.png",
            "altText": "Opa! Suite",
            "text": "OpaSuite!"
          },
          {
            "id": "Chatwoot",
            "url": "https://chatwoot.nexusnerds.com.br",
            "imgSrc": "https://maxfibraltda.com.br/wp-content/uploads/2024/06/PRO-1.gif",
            "altText": "Chatwoot",
            "text": "Chatwoot"
          }
        ]
      },
      {
        "title": "Programas úteis",
        "links": [
          {
            "id": "Canva",
            "url": "https://www.canva.com/pt_br/",
            "imgSrc": "https://maxfibraltda.com.br/wp-content/uploads/2024/05/Canva.png",
            "altText": "Canva",
            "text": "Canva",
            "popupText": "Para acessar esse atalho é <br> necessário está conectado em uma <br>conta do <strong>Grupo Max</strong>"
          },
          {
            "id": "Gmail",
            "url": "https://mail.google.com/mail",
            "imgSrc": "https://maxfibraltda.com.br/wp-content/uploads/2024/05/gmail.png",
            "altText": "Gmail",
            "text": "Gmail"
          },
          {
            "id": "trello",
            "url": "https://trello.com/u/grupomax4/boards",
            "imgSrc": "https://maxfibraltda.com.br/wp-content/uploads/2024/05/Trello.png",
            "altText": "Trello",
            "text": "Trello"
          },
          {
            "id": "Playhub-biblioteca",
            "url": "https://warnerbros.ent.box.com/s/ykklojfiaf7taxwfnwsdapsybbbxjrev",
            "imgSrc": "https://maxfibraltda.com.br/wp-content/uploads/2024/05/PRO-3.gif",
            "altText": "Driver",
            "text": "Driver - PlayHub"
          }
        ]
      }
    ]
  }
  