{"nm":"43. Store","ddd":0,"h":1000,"w":1000,"meta":{"g":"@lottiefiles/toolkit-js 0.33.2"},"layers":[{"ty":4,"nm":"Shape 35","sr":1,"st":27.0000010997325,"op":301.000012259981,"ip":52.0000021180034,"hd":false,"ddd":0,"bm":0,"hasMask":false,"ao":0,"ks":{"a":{"a":0,"k":[6.149,-106.269,0],"ix":1},"s":{"a":1,"k":[{"o":{"x":0.61,"y":0},"i":{"x":0.48,"y":1},"s":[100,0,100],"t":52},{"s":[100,100,100],"t":68.0000027696968}],"ix":6},"sk":{"a":0,"k":0},"p":{"a":1,"k":[{"o":{"x":0.61,"y":0},"i":{"x":0.48,"y":1},"s":[12.337,-79.269,0],"t":52,"ti":[0,4.5,0],"to":[0,-4.5,0]},{"s":[12.337,-106.269,0],"t":68.0000027696968}],"ix":2},"r":{"a":0,"k":0,"ix":10},"sa":{"a":0,"k":0},"o":{"a":0,"k":100,"ix":11}},"ef":[],"shapes":[{"ty":"gr","bm":0,"hd":false,"mn":"ADBE Vector Group","nm":"Rectangle 2","ix":1,"cix":2,"np":3,"it":[{"ty":"rc","bm":0,"hd":false,"mn":"ADBE Vector Shape - Rect","nm":"Rectangle Path 1","d":1,"p":{"a":0,"k":[0,18],"ix":3},"r":{"a":0,"k":0,"ix":4},"s":{"a":0,"k":[108.299,3],"ix":2}},{"ty":"fl","bm":0,"hd":false,"mn":"ADBE Vector Graphic - Fill","nm":"Fill 1","c":{"a":0,"k":[0.0157,0.6588,0.051],"ix":4},"r":1,"o":{"a":0,"k":100,"ix":5}},{"ty":"tr","a":{"a":0,"k":[0,0],"ix":1},"s":{"a":0,"k":[100,100],"ix":3},"sk":{"a":0,"k":0,"ix":4},"p":{"a":0,"k":[6.149,-125.769],"ix":2},"r":{"a":0,"k":0,"ix":6},"sa":{"a":0,"k":0,"ix":5},"o":{"a":0,"k":100,"ix":7}}]},{"ty":"gr","bm":0,"hd":false,"mn":"ADBE Vector Group","nm":"Rectangle 1","ix":2,"cix":2,"np":3,"it":[{"ty":"rc","bm":0,"hd":false,"mn":"ADBE Vector Shape - Rect","nm":"Rectangle Path 1","d":1,"p":{"a":0,"k":[0,0],"ix":3},"r":{"a":0,"k":0,"ix":4},"s":{"a":0,"k":[108.299,38.463],"ix":2}},{"ty":"fl","bm":0,"hd":false,"mn":"ADBE Vector Graphic - Fill","nm":"Fill 1","c":{"a":0,"k":[0.0157,0.6588,0.051],"ix":4},"r":1,"o":{"a":0,"k":100,"ix":5}},{"ty":"tr","a":{"a":0,"k":[0,0],"ix":1},"s":{"a":0,"k":[100,100],"ix":3},"sk":{"a":0,"k":0,"ix":4},"p":{"a":0,"k":[6.149,-125.769],"ix":2},"r":{"a":0,"k":0,"ix":6},"sa":{"a":0,"k":0,"ix":5},"o":{"a":0,"k":100,"ix":7}}]}],"ind":1,"parent":2},{"ty":4,"nm":"Shape 34","sr":1,"st":-18.000000733155,"op":301.000012259981,"ip":37.0000015070409,"hd":false,"ddd":0,"bm":0,"hasMask":false,"ao":0,"ks":{"a":{"a":0,"k":[12.375,-130.5,0],"ix":1},"s":{"a":0,"k":[125,125,100],"ix":6},"sk":{"a":0,"k":0},"p":{"a":1,"k":[{"o":{"x":0.375,"y":0},"i":{"x":0.691,"y":0.887},"s":[500.23400000000004,456.125,0],"t":37,"ti":[0,8.881,0],"to":[0,-2.877,0]},{"o":{"x":0.325,"y":0.3},"i":{"x":0.644,"y":0.641},"s":[500.23400000000004,378.737,0],"t":49,"ti":[0,11.629,0],"to":[0,-9.502,0]},{"o":{"x":0.254,"y":1},"i":{"x":0.609,"y":1},"s":[500.23400000000004,353.313,0],"t":59,"ti":[0,1.603,0],"to":[0,-10.917,0]},{"s":[500.23400000000004,344.875,0],"t":72.0000029326201}],"ix":2},"r":{"a":0,"k":0,"ix":10},"sa":{"a":0,"k":0},"o":{"a":0,"k":100,"ix":11}},"ef":[],"shapes":[{"ty":"gr","bm":0,"hd":false,"mn":"ADBE Vector Group","nm":"Shape 1","ix":1,"cix":2,"np":3,"it":[{"ty":"sh","bm":0,"hd":false,"mn":"ADBE Vector Shape - Group","nm":"Path 1","ix":1,"d":1,"ks":{"a":1,"k":[{"o":{"x":0.61,"y":0},"i":{"x":0.39,"y":1},"s":[{"c":true,"i":[[0,0],[0,0],[0,0],[0,0]],"o":[[0,0],[0,0],[0,0],[0,0]],"v":[[12.258,-135.5],[12.258,-128],[12.258,-128],[12.258,-135.5]]}],"t":49},{"s":[{"c":true,"i":[[0,0],[0,0],[0,0],[0,0]],"o":[[0,0],[0,0],[0,0],[0,0]],"v":[[-96.375,-135.5],[-96.375,-128],[121.125,-128],[121.125,-135.5]]}],"t":64.0000026067734}],"ix":2}},{"ty":"fl","bm":0,"hd":false,"mn":"ADBE Vector Graphic - Fill","nm":"Fill 1","c":{"a":0,"k":[0.7765,0.7765,0.7765],"ix":4},"r":1,"o":{"a":0,"k":100,"ix":5}},{"ty":"tr","a":{"a":0,"k":[0,0],"ix":1},"s":{"a":0,"k":[100,100],"ix":3},"sk":{"a":0,"k":0,"ix":4},"p":{"a":0,"k":[0,0],"ix":2},"r":{"a":0,"k":0,"ix":6},"sa":{"a":0,"k":0,"ix":5},"o":{"a":0,"k":100,"ix":7}}]}],"ind":2},{"ty":4,"nm":"Shape 33","sr":1,"st":-12.00000048877,"op":301.000012259981,"ip":43.0000017514259,"hd":false,"ddd":0,"bm":0,"hasMask":false,"ao":0,"ks":{"a":{"a":0,"k":[97.312,-128,0],"ix":1},"s":{"a":0,"k":[100,100,100],"ix":6},"sk":{"a":0,"k":0},"p":{"a":0,"k":[103.5,-128,0],"ix":2},"r":{"a":0,"k":0,"ix":10},"sa":{"a":0,"k":0},"o":{"a":0,"k":100,"ix":11}},"ef":[],"shapes":[{"ty":"gr","bm":0,"hd":false,"mn":"ADBE Vector Group","nm":"Shape 1","ix":1,"cix":2,"np":3,"it":[{"ty":"sh","bm":0,"hd":false,"mn":"ADBE Vector Shape - Group","nm":"Path 1","ix":1,"d":1,"ks":{"a":1,"k":[{"o":{"x":0.58,"y":0},"i":{"x":0.85,"y":1},"s":[{"c":true,"i":[[0,0],[0,0],[0,0],[0,0]],"o":[[0,0],[0,0],[0,0],[0,0]],"v":[[112.688,-128],[81.812,-128],[82.188,-128.062],[112.438,-128.062]]}],"t":43},{"s":[{"c":true,"i":[[0,0],[0,0],[0,0],[0,0]],"o":[[0,0],[0,0],[0,0],[0,0]],"v":[[112.688,-128],[81.812,-128],[98.375,-64.188],[136.688,-64.188]]}],"t":55.0000022401959}],"ix":2}},{"ty":"fl","bm":0,"hd":false,"mn":"ADBE Vector Graphic - Fill","nm":"Fill 1","c":{"a":0,"k":[0.0157,0.6588,0.051],"ix":4},"r":1,"o":{"a":0,"k":100,"ix":5}},{"ty":"tr","a":{"a":0,"k":[0,0],"ix":1},"s":{"a":0,"k":[100,100],"ix":3},"sk":{"a":0,"k":0,"ix":4},"p":{"a":0,"k":[0,0],"ix":2},"r":{"a":0,"k":0,"ix":6},"sa":{"a":0,"k":0,"ix":5},"o":{"a":0,"k":100,"ix":7}}]}],"ind":3,"parent":2},{"ty":4,"nm":"Shape 32","sr":1,"st":-13.0000005295009,"op":301.000012259981,"ip":42.0000017106951,"hd":false,"ddd":0,"bm":0,"hasMask":false,"ao":0,"ks":{"a":{"a":0,"k":[66.781,-128,0],"ix":1},"s":{"a":0,"k":[100,100,100],"ix":6},"sk":{"a":0,"k":0},"p":{"a":0,"k":[72.969,-128,0],"ix":2},"r":{"a":0,"k":0,"ix":10},"sa":{"a":0,"k":0},"o":{"a":0,"k":100,"ix":11}},"ef":[],"shapes":[{"ty":"gr","bm":0,"hd":false,"mn":"ADBE Vector Group","nm":"Shape 1","ix":1,"cix":2,"np":3,"it":[{"ty":"sh","bm":0,"hd":false,"mn":"ADBE Vector Shape - Group","nm":"Path 1","ix":1,"d":1,"ks":{"a":1,"k":[{"o":{"x":0.58,"y":0},"i":{"x":0.85,"y":1},"s":[{"c":true,"i":[[0,0],[0,0],[0,0],[0,0]],"o":[[0,0],[0,0],[0,0],[0,0]],"v":[[51.562,-128],[82.062,-128],[82.188,-128.062],[51.75,-128.062]]}],"t":42},{"s":[{"c":true,"i":[[0,0],[0,0],[0,0],[0,0]],"o":[[0,0],[0,0],[0,0],[0,0]],"v":[[51.562,-128],[82.062,-128],[98.625,-64.188],[61.438,-64.188]]}],"t":54.0000021994651}],"ix":2}},{"ty":"fl","bm":0,"hd":false,"mn":"ADBE Vector Graphic - Fill","nm":"Fill 1","c":{"a":0,"k":[0.9961,0.9961,0.9569],"ix":4},"r":1,"o":{"a":0,"k":100,"ix":5}},{"ty":"tr","a":{"a":0,"k":[0,0],"ix":1},"s":{"a":0,"k":[100,100],"ix":3},"sk":{"a":0,"k":0,"ix":4},"p":{"a":0,"k":[0,0],"ix":2},"r":{"a":0,"k":0,"ix":6},"sa":{"a":0,"k":0,"ix":5},"o":{"a":0,"k":100,"ix":7}}]}],"ind":4,"parent":2},{"ty":4,"nm":"Shape 31","sr":1,"st":-14.0000005702317,"op":301.000012259981,"ip":41.0000016699642,"hd":false,"ddd":0,"bm":0,"hasMask":false,"ao":0,"ks":{"a":{"a":0,"k":[36.469,-128,0],"ix":1},"s":{"a":0,"k":[100,100,100],"ix":6},"sk":{"a":0,"k":0},"p":{"a":0,"k":[42.656,-128,0],"ix":2},"r":{"a":0,"k":0,"ix":10},"sa":{"a":0,"k":0},"o":{"a":0,"k":100,"ix":11}},"ef":[],"shapes":[{"ty":"gr","bm":0,"hd":false,"mn":"ADBE Vector Group","nm":"Shape 1","ix":1,"cix":2,"np":3,"it":[{"ty":"sh","bm":0,"hd":false,"mn":"ADBE Vector Shape - Group","nm":"Path 1","ix":1,"d":1,"ks":{"a":1,"k":[{"o":{"x":0.58,"y":0},"i":{"x":0.85,"y":1},"s":[{"c":true,"i":[[0,0],[0,0],[0,0],[0,0]],"o":[[0,0],[0,0],[0,0],[0,0]],"v":[[51.812,-128],[21.125,-128],[21.375,-128.062],[51.75,-128.062]]}],"t":41},{"s":[{"c":true,"i":[[0,0],[0,0],[0,0],[0,0]],"o":[[0,0],[0,0],[0,0],[0,0]],"v":[[51.812,-128],[21.125,-128],[24.688,-64.188],[61.688,-64.188]]}],"t":53.0000021587343}],"ix":2}},{"ty":"fl","bm":0,"hd":false,"mn":"ADBE Vector Graphic - Fill","nm":"Fill 1","c":{"a":0,"k":[0.0157,0.6588,0.051],"ix":4},"r":1,"o":{"a":0,"k":100,"ix":5}},{"ty":"tr","a":{"a":0,"k":[0,0],"ix":1},"s":{"a":0,"k":[100,100],"ix":3},"sk":{"a":0,"k":0,"ix":4},"p":{"a":0,"k":[0,0],"ix":2},"r":{"a":0,"k":0,"ix":6},"sa":{"a":0,"k":0,"ix":5},"o":{"a":0,"k":100,"ix":7}}]}],"ind":5,"parent":2},{"ty":4,"nm":"Shape 30","sr":1,"st":-15.0000006109625,"op":301.000012259981,"ip":40.0000016292334,"hd":false,"ddd":0,"bm":0,"hasMask":false,"ao":0,"ks":{"a":{"a":0,"k":[6.031,-128,0],"ix":1},"s":{"a":0,"k":[100,100,100],"ix":6},"sk":{"a":0,"k":0},"p":{"a":0,"k":[12.219,-128,0],"ix":2},"r":{"a":0,"k":0,"ix":10},"sa":{"a":0,"k":0},"o":{"a":0,"k":100,"ix":11}},"ef":[],"shapes":[{"ty":"gr","bm":0,"hd":false,"mn":"ADBE Vector Group","nm":"Shape 1","ix":1,"cix":2,"np":3,"it":[{"ty":"sh","bm":0,"hd":false,"mn":"ADBE Vector Shape - Group","nm":"Path 1","ix":1,"d":1,"ks":{"a":1,"k":[{"o":{"x":0.58,"y":0},"i":{"x":0.85,"y":1},"s":[{"c":true,"i":[[0,0],[0,0],[0,0],[0,0]],"o":[[0,0],[0,0],[0,0],[0,0]],"v":[[-9.25,-128],[21.375,-128],[21.375,-128.062],[-9,-128.062]]}],"t":40},{"s":[{"c":true,"i":[[0,0],[0,0],[0,0],[0,0]],"o":[[0,0],[0,0],[0,0],[0,0]],"v":[[-9.25,-128],[21.375,-128],[24.938,-64.188],[-12.625,-64.188]]}],"t":52.0000021180034}],"ix":2}},{"ty":"fl","bm":0,"hd":false,"mn":"ADBE Vector Graphic - Fill","nm":"Fill 1","c":{"a":0,"k":[0.9961,0.9961,0.9569],"ix":4},"r":1,"o":{"a":0,"k":100,"ix":5}},{"ty":"tr","a":{"a":0,"k":[0,0],"ix":1},"s":{"a":0,"k":[100,100],"ix":3},"sk":{"a":0,"k":0,"ix":4},"p":{"a":0,"k":[0,0],"ix":2},"r":{"a":0,"k":0,"ix":6},"sa":{"a":0,"k":0,"ix":5},"o":{"a":0,"k":100,"ix":7}}]}],"ind":6,"parent":2},{"ty":4,"nm":"Shape 29","sr":1,"st":-16.0000006516934,"op":301.000012259981,"ip":39.0000015885026,"hd":false,"ddd":0,"bm":0,"hasMask":false,"ao":0,"ks":{"a":{"a":0,"k":[-24.375,-128,0],"ix":1},"s":{"a":0,"k":[100,100,100],"ix":6},"sk":{"a":0,"k":0},"p":{"a":0,"k":[-18.188,-128,0],"ix":2},"r":{"a":0,"k":0,"ix":10},"sa":{"a":0,"k":0},"o":{"a":0,"k":100,"ix":11}},"ef":[],"shapes":[{"ty":"gr","bm":0,"hd":false,"mn":"ADBE Vector Group","nm":"Shape 1","ix":1,"cix":2,"np":3,"it":[{"ty":"sh","bm":0,"hd":false,"mn":"ADBE Vector Shape - Group","nm":"Path 1","ix":1,"d":1,"ks":{"a":1,"k":[{"o":{"x":0.58,"y":0},"i":{"x":0.85,"y":1},"s":[{"c":true,"i":[[0,0],[0,0],[0,0],[0,0]],"o":[[0,0],[0,0],[0,0],[0,0]],"v":[[-9,-128],[-39.75,-128],[-39.562,-128.062],[-9,-128.062]]}],"t":39},{"s":[{"c":true,"i":[[0,0],[0,0],[0,0],[0,0]],"o":[[0,0],[0,0],[0,0],[0,0]],"v":[[-9,-128],[-39.75,-128],[-49.75,-64.188],[-12.375,-64.188]]}],"t":51.0000020772726}],"ix":2}},{"ty":"fl","bm":0,"hd":false,"mn":"ADBE Vector Graphic - Fill","nm":"Fill 1","c":{"a":0,"k":[0.0157,0.6588,0.051],"ix":4},"r":1,"o":{"a":0,"k":100,"ix":5}},{"ty":"tr","a":{"a":0,"k":[0,0],"ix":1},"s":{"a":0,"k":[100,100],"ix":3},"sk":{"a":0,"k":0,"ix":4},"p":{"a":0,"k":[0,0],"ix":2},"r":{"a":0,"k":0,"ix":6},"sa":{"a":0,"k":0,"ix":5},"o":{"a":0,"k":100,"ix":7}}]}],"ind":7,"parent":2},{"ty":4,"nm":"Shape 28","sr":1,"st":-17.0000006924242,"op":301.000012259981,"ip":38.0000015477717,"hd":false,"ddd":0,"bm":0,"hasMask":false,"ao":0,"ks":{"a":{"a":0,"k":[-54.688,-128,0],"ix":1},"s":{"a":0,"k":[100,100,100],"ix":6},"sk":{"a":0,"k":0},"p":{"a":0,"k":[-48.5,-128,0],"ix":2},"r":{"a":0,"k":0,"ix":10},"sa":{"a":0,"k":0},"o":{"a":0,"k":100,"ix":11}},"ef":[],"shapes":[{"ty":"gr","bm":0,"hd":false,"mn":"ADBE Vector Group","nm":"Shape 1","ix":1,"cix":2,"np":3,"it":[{"ty":"sh","bm":0,"hd":false,"mn":"ADBE Vector Shape - Group","nm":"Path 1","ix":1,"d":1,"ks":{"a":1,"k":[{"o":{"x":0.58,"y":0},"i":{"x":0.85,"y":1},"s":[{"c":true,"i":[[0,0],[0,0],[0,0],[0,0]],"o":[[0,0],[0,0],[0,0],[0,0]],"v":[[-69.75,-128],[-39.5,-128],[-39.562,-128.062],[-69.625,-128.062]]}],"t":38},{"s":[{"c":true,"i":[[0,0],[0,0],[0,0],[0,0]],"o":[[0,0],[0,0],[0,0],[0,0]],"v":[[-69.75,-128],[-39.5,-128],[-49.5,-64.188],[-86.625,-64.188]]}],"t":50.0000020365418}],"ix":2}},{"ty":"fl","bm":0,"hd":false,"mn":"ADBE Vector Graphic - Fill","nm":"Fill 1","c":{"a":0,"k":[0.9961,0.9961,0.9569],"ix":4},"r":1,"o":{"a":0,"k":100,"ix":5}},{"ty":"tr","a":{"a":0,"k":[0,0],"ix":1},"s":{"a":0,"k":[100,100],"ix":3},"sk":{"a":0,"k":0,"ix":4},"p":{"a":0,"k":[0,0],"ix":2},"r":{"a":0,"k":0,"ix":6},"sa":{"a":0,"k":0,"ix":5},"o":{"a":0,"k":100,"ix":7}}]}],"ind":8,"parent":2},{"ty":4,"nm":"Shape 27","sr":1,"st":-18.000000733155,"op":301.000012259981,"ip":37.0000015070409,"hd":false,"ddd":0,"bm":0,"hasMask":false,"ao":0,"ks":{"a":{"a":0,"k":[-84.844,-128,0],"ix":1},"s":{"a":0,"k":[100,100,100],"ix":6},"sk":{"a":0,"k":0},"p":{"a":0,"k":[-78.656,-128,0],"ix":2},"r":{"a":0,"k":0,"ix":10},"sa":{"a":0,"k":0},"o":{"a":0,"k":100,"ix":11}},"ef":[],"shapes":[{"ty":"gr","bm":0,"hd":false,"mn":"ADBE Vector Group","nm":"Shape 1","ix":1,"cix":2,"np":3,"it":[{"ty":"sh","bm":0,"hd":false,"mn":"ADBE Vector Shape - Group","nm":"Path 1","ix":1,"d":1,"ks":{"a":1,"k":[{"o":{"x":0.58,"y":0},"i":{"x":0.85,"y":1},"s":[{"c":true,"i":[[0,0],[0,0],[0,0],[0,0]],"o":[[0,0],[0,0],[0,0],[0,0]],"v":[[-69.5,-128],[-100.062,-128],[-99.562,-128.062],[-69.625,-128.062]]}],"t":37},{"s":[{"c":true,"i":[[0,0],[0,0],[0,0],[0,0]],"o":[[0,0],[0,0],[0,0],[0,0]],"v":[[-69.5,-128],[-100.062,-128],[-124.062,-64.188],[-86.375,-64.188]]}],"t":49.0000019958109}],"ix":2}},{"ty":"fl","bm":0,"hd":false,"mn":"ADBE Vector Graphic - Fill","nm":"Fill 1","c":{"a":0,"k":[0.0157,0.6588,0.051],"ix":4},"r":1,"o":{"a":0,"k":100,"ix":5}},{"ty":"tr","a":{"a":0,"k":[0,0],"ix":1},"s":{"a":0,"k":[100,100],"ix":3},"sk":{"a":0,"k":0,"ix":4},"p":{"a":0,"k":[0,0],"ix":2},"r":{"a":0,"k":0,"ix":6},"sa":{"a":0,"k":0,"ix":5},"o":{"a":0,"k":100,"ix":7}}]}],"ind":9,"parent":2},{"ty":4,"nm":"Shape 26","sr":1,"st":-13.0000005295009,"op":301.000012259981,"ip":54.0000021994651,"hd":false,"ddd":0,"bm":0,"hasMask":false,"ao":0,"ks":{"a":{"a":0,"k":[117.562,-64.5,0],"ix":1},"s":{"a":1,"k":[{"o":{"x":0.16,"y":0},"i":{"x":0.42,"y":1},"s":[100,0,100],"t":54},{"o":{"x":0.58,"y":0},"i":{"x":0.42,"y":1},"s":[100,108,100],"t":65},{"s":[100,100,100],"t":78.0000031770051}],"ix":6},"sk":{"a":0,"k":0},"p":{"a":0,"k":[123.75,-64.5,0],"ix":2},"r":{"a":0,"k":0,"ix":10},"sa":{"a":0,"k":0},"o":{"a":0,"k":100,"ix":11}},"ef":[],"shapes":[{"ty":"gr","bm":0,"hd":false,"mn":"ADBE Vector Group","nm":"Shape 1","ix":1,"cix":2,"np":3,"it":[{"ty":"sh","bm":0,"hd":false,"mn":"ADBE Vector Shape - Group","nm":"Path 1","ix":1,"d":1,"ks":{"a":0,"k":{"c":true,"i":[[0,0],[0,0],[19.125,0],[0,0],[0,0]],"o":[[0,0],[0,0],[-19.125,0],[0,0],[0,0]],"v":[[136.625,-64.625],[136.625,-45.625],[117.625,-28.625],[98.5,-45.625],[98.5,-64.625]]},"ix":2}},{"ty":"fl","bm":0,"hd":false,"mn":"ADBE Vector Graphic - Fill","nm":"Fill 1","c":{"a":0,"k":[0.0157,0.6588,0.051],"ix":4},"r":1,"o":{"a":0,"k":100,"ix":5}},{"ty":"tr","a":{"a":0,"k":[0,0],"ix":1},"s":{"a":0,"k":[100,100],"ix":3},"sk":{"a":0,"k":0,"ix":4},"p":{"a":0,"k":[0,0],"ix":2},"r":{"a":0,"k":0,"ix":6},"sa":{"a":0,"k":0,"ix":5},"o":{"a":0,"k":100,"ix":7}}]}],"ind":10,"parent":2},{"ty":4,"nm":"Shape 25","sr":1,"st":-14.0000005702317,"op":301.000012259981,"ip":53.0000021587343,"hd":false,"ddd":0,"bm":0,"hasMask":false,"ao":0,"ks":{"a":{"a":0,"k":[80,-64.5,0],"ix":1},"s":{"a":1,"k":[{"o":{"x":0.16,"y":0},"i":{"x":0.42,"y":1},"s":[100,0,100],"t":53},{"o":{"x":0.58,"y":0},"i":{"x":0.42,"y":1},"s":[100,108,100],"t":64},{"s":[100,100,100],"t":77.0000031362743}],"ix":6},"sk":{"a":0,"k":0},"p":{"a":0,"k":[86.188,-64.5,0],"ix":2},"r":{"a":0,"k":0,"ix":10},"sa":{"a":0,"k":0},"o":{"a":0,"k":100,"ix":11}},"ef":[],"shapes":[{"ty":"gr","bm":0,"hd":false,"mn":"ADBE Vector Group","nm":"Shape 1","ix":1,"cix":2,"np":3,"it":[{"ty":"sh","bm":0,"hd":false,"mn":"ADBE Vector Shape - Group","nm":"Path 1","ix":1,"d":1,"ks":{"a":0,"k":{"c":true,"i":[[0,0],[0,0],[-18.438,0],[0,0],[0,0]],"o":[[0,0],[0,0],[18.438,0],[0,0],[0,0]],"v":[[61.5,-64.625],[61.5,-45.625],[80.062,-28.625],[98.5,-45.625],[98.5,-64.625]]},"ix":2}},{"ty":"fl","bm":0,"hd":false,"mn":"ADBE Vector Graphic - Fill","nm":"Fill 1","c":{"a":0,"k":[0.9765,0.9765,0.9765],"ix":4},"r":1,"o":{"a":0,"k":100,"ix":5}},{"ty":"tr","a":{"a":0,"k":[0,0],"ix":1},"s":{"a":0,"k":[100,100],"ix":3},"sk":{"a":0,"k":0,"ix":4},"p":{"a":0,"k":[0,0],"ix":2},"r":{"a":0,"k":0,"ix":6},"sa":{"a":0,"k":0,"ix":5},"o":{"a":0,"k":100,"ix":7}}]}],"ind":11,"parent":2},{"ty":4,"nm":"Shape 24","sr":1,"st":-15.0000006109625,"op":301.000012259981,"ip":52.0000021180034,"hd":false,"ddd":0,"bm":0,"hasMask":false,"ao":0,"ks":{"a":{"a":0,"k":[43.125,-64.5,0],"ix":1},"s":{"a":1,"k":[{"o":{"x":0.16,"y":0},"i":{"x":0.42,"y":1},"s":[100,0,100],"t":52},{"o":{"x":0.58,"y":0},"i":{"x":0.42,"y":1},"s":[100,108,100],"t":63},{"s":[100,100,100],"t":76.0000030955435}],"ix":6},"sk":{"a":0,"k":0},"p":{"a":0,"k":[49.312,-64.5,0],"ix":2},"r":{"a":0,"k":0,"ix":10},"sa":{"a":0,"k":0},"o":{"a":0,"k":100,"ix":11}},"ef":[],"shapes":[{"ty":"gr","bm":0,"hd":false,"mn":"ADBE Vector Group","nm":"Shape 1","ix":1,"cix":2,"np":3,"it":[{"ty":"sh","bm":0,"hd":false,"mn":"ADBE Vector Shape - Group","nm":"Path 1","ix":1,"d":1,"ks":{"a":0,"k":{"c":true,"i":[[0,0],[0,0],[18.375,0],[0,0],[0,0]],"o":[[0,0],[0,0],[-18.375,0],[0,0],[0,0]],"v":[[61.5,-64.625],[61.5,-45.625],[43.125,-28.625],[24.75,-45.625],[24.75,-64.625]]},"ix":2}},{"ty":"fl","bm":0,"hd":false,"mn":"ADBE Vector Graphic - Fill","nm":"Fill 1","c":{"a":0,"k":[0.0157,0.6588,0.051],"ix":4},"r":1,"o":{"a":0,"k":100,"ix":5}},{"ty":"tr","a":{"a":0,"k":[0,0],"ix":1},"s":{"a":0,"k":[100,100],"ix":3},"sk":{"a":0,"k":0,"ix":4},"p":{"a":0,"k":[0,0],"ix":2},"r":{"a":0,"k":0,"ix":6},"sa":{"a":0,"k":0,"ix":5},"o":{"a":0,"k":100,"ix":7}}]}],"ind":12,"parent":2},{"ty":4,"nm":"Shape 23","sr":1,"st":-16.0000006516934,"op":301.000012259981,"ip":51.0000020772726,"hd":false,"ddd":0,"bm":0,"hasMask":false,"ao":0,"ks":{"a":{"a":0,"k":[6.125,-64.5,0],"ix":1},"s":{"a":1,"k":[{"o":{"x":0.16,"y":0},"i":{"x":0.42,"y":1},"s":[100,0,100],"t":51},{"o":{"x":0.58,"y":0},"i":{"x":0.42,"y":1},"s":[100,108,100],"t":62},{"s":[100,100,100],"t":75.0000030548126}],"ix":6},"sk":{"a":0,"k":0},"p":{"a":0,"k":[12.312,-64.5,0],"ix":2},"r":{"a":0,"k":0,"ix":10},"sa":{"a":0,"k":0},"o":{"a":0,"k":100,"ix":11}},"ef":[],"shapes":[{"ty":"gr","bm":0,"hd":false,"mn":"ADBE Vector Group","nm":"Shape 1","ix":1,"cix":2,"np":3,"it":[{"ty":"sh","bm":0,"hd":false,"mn":"ADBE Vector Shape - Group","nm":"Path 1","ix":1,"d":1,"ks":{"a":0,"k":{"c":true,"i":[[0,0],[0,0],[-18.547,0],[0,0],[0,0]],"o":[[0,0],[0,0],[18.547,0],[0,0],[0,0]],"v":[[-12.5,-64.625],[-12.5,-45.625],[6.203,-28.625],[24.75,-45.625],[24.75,-64.625]]},"ix":2}},{"ty":"fl","bm":0,"hd":false,"mn":"ADBE Vector Graphic - Fill","nm":"Fill 1","c":{"a":0,"k":[0.9765,0.9765,0.9765],"ix":4},"r":1,"o":{"a":0,"k":100,"ix":5}},{"ty":"tr","a":{"a":0,"k":[0,0],"ix":1},"s":{"a":0,"k":[100,100],"ix":3},"sk":{"a":0,"k":0,"ix":4},"p":{"a":0,"k":[0,0],"ix":2},"r":{"a":0,"k":0,"ix":6},"sa":{"a":0,"k":0,"ix":5},"o":{"a":0,"k":100,"ix":7}}]}],"ind":13,"parent":2},{"ty":4,"nm":"Shape 22","sr":1,"st":-17.0000006924242,"op":301.000012259981,"ip":50.0000020365418,"hd":false,"ddd":0,"bm":0,"hasMask":false,"ao":0,"ks":{"a":{"a":0,"k":[-31,-64.5,0],"ix":1},"s":{"a":1,"k":[{"o":{"x":0.16,"y":0},"i":{"x":0.42,"y":1},"s":[100,0,100],"t":50},{"o":{"x":0.58,"y":0},"i":{"x":0.42,"y":1},"s":[100,108,100],"t":61},{"s":[100,100,100],"t":74.0000030140818}],"ix":6},"sk":{"a":0,"k":0},"p":{"a":0,"k":[-24.813,-64.5,0],"ix":2},"r":{"a":0,"k":0,"ix":10},"sa":{"a":0,"k":0},"o":{"a":0,"k":100,"ix":11}},"ef":[],"shapes":[{"ty":"gr","bm":0,"hd":false,"mn":"ADBE Vector Group","nm":"Shape 1","ix":1,"cix":2,"np":3,"it":[{"ty":"sh","bm":0,"hd":false,"mn":"ADBE Vector Shape - Group","nm":"Path 1","ix":1,"d":1,"ks":{"a":0,"k":{"c":true,"i":[[0,0],[0,0],[18.5,0],[0,0],[0,0]],"o":[[0,0],[0,0],[-18.5,0],[0,0],[0,0]],"v":[[-12.5,-64.625],[-12.5,-45.625],[-31,-28.625],[-49.5,-45.625],[-49.5,-64.625]]},"ix":2}},{"ty":"fl","bm":0,"hd":false,"mn":"ADBE Vector Graphic - Fill","nm":"Fill 1","c":{"a":0,"k":[0.0157,0.6588,0.051],"ix":4},"r":1,"o":{"a":0,"k":100,"ix":5}},{"ty":"tr","a":{"a":0,"k":[0,0],"ix":1},"s":{"a":0,"k":[100,100],"ix":3},"sk":{"a":0,"k":0,"ix":4},"p":{"a":0,"k":[0,0],"ix":2},"r":{"a":0,"k":0,"ix":6},"sa":{"a":0,"k":0,"ix":5},"o":{"a":0,"k":100,"ix":7}}]}],"ind":14,"parent":2},{"ty":4,"nm":"Shape 21","sr":1,"st":-18.000000733155,"op":301.000012259981,"ip":49.0000019958109,"hd":false,"ddd":0,"bm":0,"hasMask":false,"ao":0,"ks":{"a":{"a":0,"k":[-68,-64.5,0],"ix":1},"s":{"a":1,"k":[{"o":{"x":0.16,"y":0},"i":{"x":0.42,"y":1},"s":[100,0,100],"t":49},{"o":{"x":0.58,"y":0},"i":{"x":0.42,"y":1},"s":[100,108,100],"t":60},{"s":[100,100,100],"t":73.000002973351}],"ix":6},"sk":{"a":0,"k":0},"p":{"a":0,"k":[-61.812,-64.5,0],"ix":2},"r":{"a":0,"k":0,"ix":10},"sa":{"a":0,"k":0},"o":{"a":0,"k":100,"ix":11}},"ef":[],"shapes":[{"ty":"gr","bm":0,"hd":false,"mn":"ADBE Vector Group","nm":"Shape 1","ix":1,"cix":2,"np":3,"it":[{"ty":"sh","bm":0,"hd":false,"mn":"ADBE Vector Shape - Group","nm":"Path 1","ix":1,"d":1,"ks":{"a":0,"k":{"c":true,"i":[[0,0],[0,0],[-18.438,0],[0,0],[0,0]],"o":[[0,0],[0,0],[18.438,0],[0,0],[0,0]],"v":[[-86.5,-64.625],[-86.5,-45.625],[-67.938,-28.625],[-49.5,-45.625],[-49.5,-64.625]]},"ix":2}},{"ty":"fl","bm":0,"hd":false,"mn":"ADBE Vector Graphic - Fill","nm":"Fill 1","c":{"a":0,"k":[0.9765,0.9765,0.9765],"ix":4},"r":1,"o":{"a":0,"k":100,"ix":5}},{"ty":"tr","a":{"a":0,"k":[0,0],"ix":1},"s":{"a":0,"k":[100,100],"ix":3},"sk":{"a":0,"k":0,"ix":4},"p":{"a":0,"k":[0,0],"ix":2},"r":{"a":0,"k":0,"ix":6},"sa":{"a":0,"k":0,"ix":5},"o":{"a":0,"k":100,"ix":7}}]}],"ind":15,"parent":2},{"ty":4,"nm":"Shape 20","sr":1,"st":-19.0000007738859,"op":301.000012259981,"ip":48.0000019550801,"hd":false,"ddd":0,"bm":0,"hasMask":false,"ao":0,"ks":{"a":{"a":0,"k":[-105.25,-64.5,0],"ix":1},"s":{"a":1,"k":[{"o":{"x":0.16,"y":0},"i":{"x":0.42,"y":1},"s":[100,0,100],"t":48},{"o":{"x":0.58,"y":0},"i":{"x":0.42,"y":1},"s":[100,108,100],"t":59},{"s":[100,100,100],"t":72.0000029326201}],"ix":6},"sk":{"a":0,"k":0},"p":{"a":0,"k":[-99.062,-64.5,0],"ix":2},"r":{"a":0,"k":0,"ix":10},"sa":{"a":0,"k":0},"o":{"a":0,"k":100,"ix":11}},"ef":[],"shapes":[{"ty":"gr","bm":0,"hd":false,"mn":"ADBE Vector Group","nm":"Shape 1","ix":1,"cix":2,"np":3,"it":[{"ty":"sh","bm":0,"hd":false,"mn":"ADBE Vector Shape - Group","nm":"Path 1","ix":1,"d":1,"ks":{"a":0,"k":{"c":true,"i":[[0,0],[0,0],[-18.641,0],[0,0],[0,0]],"o":[[0,0],[0,0],[18.641,0],[0,0],[0,0]],"v":[[-124,-64.625],[-124,-45.625],[-105.141,-28.625],[-86.5,-45.625],[-86.5,-64.625]]},"ix":2}},{"ty":"fl","bm":0,"hd":false,"mn":"ADBE Vector Graphic - Fill","nm":"Fill 1","c":{"a":0,"k":[0.0157,0.6588,0.051],"ix":4},"r":1,"o":{"a":0,"k":100,"ix":5}},{"ty":"tr","a":{"a":0,"k":[0,0],"ix":1},"s":{"a":0,"k":[100,100],"ix":3},"sk":{"a":0,"k":0,"ix":4},"p":{"a":0,"k":[0,0],"ix":2},"r":{"a":0,"k":0,"ix":6},"sa":{"a":0,"k":0,"ix":5},"o":{"a":0,"k":100,"ix":7}}]}],"ind":16,"parent":2},{"ty":4,"nm":"Shape 19","sr":1,"st":-18.000000733155,"op":301.000012259981,"ip":49.0000019958109,"hd":false,"ddd":0,"bm":0,"hasMask":false,"ao":0,"ks":{"a":{"a":0,"k":[117.562,-64.5,0],"ix":1},"s":{"a":0,"k":[100,100,100],"ix":6},"sk":{"a":0,"k":0},"p":{"a":0,"k":[114.562,-56,0],"ix":2},"r":{"a":0,"k":0,"ix":10},"sa":{"a":0,"k":0},"o":{"a":0,"k":15,"ix":11}},"ef":[{"ty":28,"mn":"ADBE Set Matte3","nm":"ë§¤í¸ ì¤ì ","ix":1,"en":1,"ef":[{"ty":10,"mn":"ADBE Set Matte3-0001","nm":"ë ì´ì´ìì ë§¤í¸ ê°ì ¸ì¤ê¸°","ix":1,"v":{"a":0,"k":34,"ix":1}},{"ty":7,"mn":"ADBE Set Matte3-0002","nm":"ë§¤í¸ë¡ ì¬ì©","ix":2,"v":{"a":0,"k":4,"ix":2}},{"ty":7,"mn":"ADBE Set Matte3-0003","nm":"ë§¤í¸ ë°ì ","ix":3,"v":{"a":0,"k":0,"ix":3}},{"ty":7,"mn":"ADBE Set Matte3-0004","nm":"ë ì´ì´ í¬ê¸°ê° ë¤ë¥¸ ê²½ì°","ix":4,"v":{"a":0,"k":1,"ix":4}},{"ty":7,"mn":"ADBE Set Matte3-0005","nm":"ë§¤í¸ì ìë³¸ í©ì±","ix":5,"v":{"a":0,"k":1,"ix":5}},{"ty":7,"mn":"ADBE Set Matte3-0006","nm":"ë§¤í¸ ë ì´ì´ ë¯¸ë¦¬ ê³±íê¸°","ix":6,"v":{"a":0,"k":1,"ix":6}}]}],"shapes":[{"ty":"gr","bm":0,"hd":false,"mn":"ADBE Vector Group","nm":"Shape 1","ix":1,"cix":2,"np":3,"it":[{"ty":"sh","bm":0,"hd":false,"mn":"ADBE Vector Shape - Group","nm":"Path 1","ix":1,"d":1,"ks":{"a":0,"k":{"c":true,"i":[[0,0],[0,0],[19.125,0],[0,0],[0,0]],"o":[[0,0],[0,0],[-19.125,0],[0,0],[0,0]],"v":[[136.625,-64.625],[136.625,-45.625],[117.625,-28.625],[98.5,-45.625],[98.5,-64.625]]},"ix":2}},{"ty":"fl","bm":0,"hd":false,"mn":"ADBE Vector Graphic - Fill","nm":"Fill 1","c":{"a":0,"k":[0,0,0],"ix":4},"r":1,"o":{"a":0,"k":100,"ix":5}},{"ty":"tr","a":{"a":0,"k":[0,0],"ix":1},"s":{"a":0,"k":[100,100],"ix":3},"sk":{"a":0,"k":0,"ix":4},"p":{"a":0,"k":[0,0],"ix":2},"r":{"a":0,"k":0,"ix":6},"sa":{"a":0,"k":0,"ix":5},"o":{"a":0,"k":100,"ix":7}}]}],"ind":17,"parent":10},{"ty":4,"nm":"Shape 18","sr":1,"st":-18.000000733155,"op":301.000012259981,"ip":49.0000019958109,"hd":false,"ddd":0,"bm":0,"hasMask":false,"ao":0,"ks":{"a":{"a":0,"k":[80,-64.5,0],"ix":1},"s":{"a":0,"k":[100,100,100],"ix":6},"sk":{"a":0,"k":0},"p":{"a":0,"k":[78,-56,0],"ix":2},"r":{"a":0,"k":0,"ix":10},"sa":{"a":0,"k":0},"o":{"a":0,"k":15,"ix":11}},"ef":[{"ty":28,"mn":"ADBE Set Matte3","nm":"ë§¤í¸ ì¤ì ","ix":1,"en":1,"ef":[{"ty":10,"mn":"ADBE Set Matte3-0001","nm":"ë ì´ì´ìì ë§¤í¸ ê°ì ¸ì¤ê¸°","ix":1,"v":{"a":0,"k":34,"ix":1}},{"ty":7,"mn":"ADBE Set Matte3-0002","nm":"ë§¤í¸ë¡ ì¬ì©","ix":2,"v":{"a":0,"k":4,"ix":2}},{"ty":7,"mn":"ADBE Set Matte3-0003","nm":"ë§¤í¸ ë°ì ","ix":3,"v":{"a":0,"k":0,"ix":3}},{"ty":7,"mn":"ADBE Set Matte3-0004","nm":"ë ì´ì´ í¬ê¸°ê° ë¤ë¥¸ ê²½ì°","ix":4,"v":{"a":0,"k":1,"ix":4}},{"ty":7,"mn":"ADBE Set Matte3-0005","nm":"ë§¤í¸ì ìë³¸ í©ì±","ix":5,"v":{"a":0,"k":1,"ix":5}},{"ty":7,"mn":"ADBE Set Matte3-0006","nm":"ë§¤í¸ ë ì´ì´ ë¯¸ë¦¬ ê³±íê¸°","ix":6,"v":{"a":0,"k":1,"ix":6}}]}],"shapes":[{"ty":"gr","bm":0,"hd":false,"mn":"ADBE Vector Group","nm":"Shape 1","ix":1,"cix":2,"np":3,"it":[{"ty":"sh","bm":0,"hd":false,"mn":"ADBE Vector Shape - Group","nm":"Path 1","ix":1,"d":1,"ks":{"a":0,"k":{"c":true,"i":[[0,0],[0,0],[-18.438,0],[0,0],[0,0]],"o":[[0,0],[0,0],[18.438,0],[0,0],[0,0]],"v":[[61.5,-64.625],[61.5,-45.625],[80.062,-28.625],[98.5,-45.625],[98.5,-64.625]]},"ix":2}},{"ty":"fl","bm":0,"hd":false,"mn":"ADBE Vector Graphic - Fill","nm":"Fill 1","c":{"a":0,"k":[0,0,0],"ix":4},"r":1,"o":{"a":0,"k":100,"ix":5}},{"ty":"tr","a":{"a":0,"k":[0,0],"ix":1},"s":{"a":0,"k":[100,100],"ix":3},"sk":{"a":0,"k":0,"ix":4},"p":{"a":0,"k":[0,0],"ix":2},"r":{"a":0,"k":0,"ix":6},"sa":{"a":0,"k":0,"ix":5},"o":{"a":0,"k":100,"ix":7}}]}],"ind":18,"parent":11},{"ty":4,"nm":"Shape 17","sr":1,"st":-18.000000733155,"op":301.000012259981,"ip":49.0000019958109,"hd":false,"ddd":0,"bm":0,"hasMask":false,"ao":0,"ks":{"a":{"a":0,"k":[43.125,-64.5,0],"ix":1},"s":{"a":0,"k":[100,100,100],"ix":6},"sk":{"a":0,"k":0},"p":{"a":0,"k":[42.125,-56,0],"ix":2},"r":{"a":0,"k":0,"ix":10},"sa":{"a":0,"k":0},"o":{"a":0,"k":15,"ix":11}},"ef":[{"ty":28,"mn":"ADBE Set Matte3","nm":"ë§¤í¸ ì¤ì ","ix":1,"en":1,"ef":[{"ty":10,"mn":"ADBE Set Matte3-0001","nm":"ë ì´ì´ìì ë§¤í¸ ê°ì ¸ì¤ê¸°","ix":1,"v":{"a":0,"k":34,"ix":1}},{"ty":7,"mn":"ADBE Set Matte3-0002","nm":"ë§¤í¸ë¡ ì¬ì©","ix":2,"v":{"a":0,"k":4,"ix":2}},{"ty":7,"mn":"ADBE Set Matte3-0003","nm":"ë§¤í¸ ë°ì ","ix":3,"v":{"a":0,"k":0,"ix":3}},{"ty":7,"mn":"ADBE Set Matte3-0004","nm":"ë ì´ì´ í¬ê¸°ê° ë¤ë¥¸ ê²½ì°","ix":4,"v":{"a":0,"k":1,"ix":4}},{"ty":7,"mn":"ADBE Set Matte3-0005","nm":"ë§¤í¸ì ìë³¸ í©ì±","ix":5,"v":{"a":0,"k":1,"ix":5}},{"ty":7,"mn":"ADBE Set Matte3-0006","nm":"ë§¤í¸ ë ì´ì´ ë¯¸ë¦¬ ê³±íê¸°","ix":6,"v":{"a":0,"k":1,"ix":6}}]}],"shapes":[{"ty":"gr","bm":0,"hd":false,"mn":"ADBE Vector Group","nm":"Shape 1","ix":1,"cix":2,"np":3,"it":[{"ty":"sh","bm":0,"hd":false,"mn":"ADBE Vector Shape - Group","nm":"Path 1","ix":1,"d":1,"ks":{"a":0,"k":{"c":true,"i":[[0,0],[0,0],[18.375,0],[0,0],[0,0]],"o":[[0,0],[0,0],[-18.375,0],[0,0],[0,0]],"v":[[61.5,-64.625],[61.5,-45.625],[43.125,-28.625],[24.75,-45.625],[24.75,-64.625]]},"ix":2}},{"ty":"fl","bm":0,"hd":false,"mn":"ADBE Vector Graphic - Fill","nm":"Fill 1","c":{"a":0,"k":[0,0,0],"ix":4},"r":1,"o":{"a":0,"k":100,"ix":5}},{"ty":"tr","a":{"a":0,"k":[0,0],"ix":1},"s":{"a":0,"k":[100,100],"ix":3},"sk":{"a":0,"k":0,"ix":4},"p":{"a":0,"k":[0,0],"ix":2},"r":{"a":0,"k":0,"ix":6},"sa":{"a":0,"k":0,"ix":5},"o":{"a":0,"k":100,"ix":7}}]}],"ind":19,"parent":12},{"ty":4,"nm":"Shape 16","sr":1,"st":-18.000000733155,"op":301.000012259981,"ip":49.0000019958109,"hd":false,"ddd":0,"bm":0,"hasMask":false,"ao":0,"ks":{"a":{"a":0,"k":[6.125,-64.5,0],"ix":1},"s":{"a":0,"k":[100,100,100],"ix":6},"sk":{"a":0,"k":0},"p":{"a":0,"k":[6.125,-56,0],"ix":2},"r":{"a":0,"k":0,"ix":10},"sa":{"a":0,"k":0},"o":{"a":0,"k":15,"ix":11}},"ef":[{"ty":28,"mn":"ADBE Set Matte3","nm":"ë§¤í¸ ì¤ì ","ix":1,"en":1,"ef":[{"ty":10,"mn":"ADBE Set Matte3-0001","nm":"ë ì´ì´ìì ë§¤í¸ ê°ì ¸ì¤ê¸°","ix":1,"v":{"a":0,"k":34,"ix":1}},{"ty":7,"mn":"ADBE Set Matte3-0002","nm":"ë§¤í¸ë¡ ì¬ì©","ix":2,"v":{"a":0,"k":4,"ix":2}},{"ty":7,"mn":"ADBE Set Matte3-0003","nm":"ë§¤í¸ ë°ì ","ix":3,"v":{"a":0,"k":0,"ix":3}},{"ty":7,"mn":"ADBE Set Matte3-0004","nm":"ë ì´ì´ í¬ê¸°ê° ë¤ë¥¸ ê²½ì°","ix":4,"v":{"a":0,"k":1,"ix":4}},{"ty":7,"mn":"ADBE Set Matte3-0005","nm":"ë§¤í¸ì ìë³¸ í©ì±","ix":5,"v":{"a":0,"k":1,"ix":5}},{"ty":7,"mn":"ADBE Set Matte3-0006","nm":"ë§¤í¸ ë ì´ì´ ë¯¸ë¦¬ ê³±íê¸°","ix":6,"v":{"a":0,"k":1,"ix":6}}]}],"shapes":[{"ty":"gr","bm":0,"hd":false,"mn":"ADBE Vector Group","nm":"Shape 1","ix":1,"cix":2,"np":3,"it":[{"ty":"sh","bm":0,"hd":false,"mn":"ADBE Vector Shape - Group","nm":"Path 1","ix":1,"d":1,"ks":{"a":0,"k":{"c":true,"i":[[0,0],[0,0],[-18.547,0],[0,0],[0,0]],"o":[[0,0],[0,0],[18.547,0],[0,0],[0,0]],"v":[[-12.5,-64.625],[-12.5,-45.625],[6.203,-28.625],[24.75,-45.625],[24.75,-64.625]]},"ix":2}},{"ty":"fl","bm":0,"hd":false,"mn":"ADBE Vector Graphic - Fill","nm":"Fill 1","c":{"a":0,"k":[0,0,0],"ix":4},"r":1,"o":{"a":0,"k":100,"ix":5}},{"ty":"tr","a":{"a":0,"k":[0,0],"ix":1},"s":{"a":0,"k":[100,100],"ix":3},"sk":{"a":0,"k":0,"ix":4},"p":{"a":0,"k":[0,0],"ix":2},"r":{"a":0,"k":0,"ix":6},"sa":{"a":0,"k":0,"ix":5},"o":{"a":0,"k":100,"ix":7}}]}],"ind":20,"parent":13},{"ty":4,"nm":"Shape 15","sr":1,"st":-18.000000733155,"op":301.000012259981,"ip":49.0000019958109,"hd":false,"ddd":0,"bm":0,"hasMask":false,"ao":0,"ks":{"a":{"a":0,"k":[-31,-64.5,0],"ix":1},"s":{"a":0,"k":[100,100,100],"ix":6},"sk":{"a":0,"k":0},"p":{"a":0,"k":[-29.5,-56,0],"ix":2},"r":{"a":0,"k":0,"ix":10},"sa":{"a":0,"k":0},"o":{"a":0,"k":15,"ix":11}},"ef":[{"ty":28,"mn":"ADBE Set Matte3","nm":"ë§¤í¸ ì¤ì ","ix":1,"en":1,"ef":[{"ty":10,"mn":"ADBE Set Matte3-0001","nm":"ë ì´ì´ìì ë§¤í¸ ê°ì ¸ì¤ê¸°","ix":1,"v":{"a":0,"k":34,"ix":1}},{"ty":7,"mn":"ADBE Set Matte3-0002","nm":"ë§¤í¸ë¡ ì¬ì©","ix":2,"v":{"a":0,"k":4,"ix":2}},{"ty":7,"mn":"ADBE Set Matte3-0003","nm":"ë§¤í¸ ë°ì ","ix":3,"v":{"a":0,"k":0,"ix":3}},{"ty":7,"mn":"ADBE Set Matte3-0004","nm":"ë ì´ì´ í¬ê¸°ê° ë¤ë¥¸ ê²½ì°","ix":4,"v":{"a":0,"k":1,"ix":4}},{"ty":7,"mn":"ADBE Set Matte3-0005","nm":"ë§¤í¸ì ìë³¸ í©ì±","ix":5,"v":{"a":0,"k":1,"ix":5}},{"ty":7,"mn":"ADBE Set Matte3-0006","nm":"ë§¤í¸ ë ì´ì´ ë¯¸ë¦¬ ê³±íê¸°","ix":6,"v":{"a":0,"k":1,"ix":6}}]}],"shapes":[{"ty":"gr","bm":0,"hd":false,"mn":"ADBE Vector Group","nm":"Shape 1","ix":1,"cix":2,"np":3,"it":[{"ty":"sh","bm":0,"hd":false,"mn":"ADBE Vector Shape - Group","nm":"Path 1","ix":1,"d":1,"ks":{"a":0,"k":{"c":true,"i":[[0,0],[0,0],[18.5,0],[0,0],[0,0]],"o":[[0,0],[0,0],[-18.5,0],[0,0],[0,0]],"v":[[-12.5,-64.625],[-12.5,-45.625],[-31,-28.625],[-49.5,-45.625],[-49.5,-64.625]]},"ix":2}},{"ty":"fl","bm":0,"hd":false,"mn":"ADBE Vector Graphic - Fill","nm":"Fill 1","c":{"a":0,"k":[0,0,0],"ix":4},"r":1,"o":{"a":0,"k":100,"ix":5}},{"ty":"tr","a":{"a":0,"k":[0,0],"ix":1},"s":{"a":0,"k":[100,100],"ix":3},"sk":{"a":0,"k":0,"ix":4},"p":{"a":0,"k":[0,0],"ix":2},"r":{"a":0,"k":0,"ix":6},"sa":{"a":0,"k":0,"ix":5},"o":{"a":0,"k":100,"ix":7}}]}],"ind":21,"parent":14},{"ty":4,"nm":"Shape 14","sr":1,"st":-18.000000733155,"op":301.000012259981,"ip":49.0000019958109,"hd":false,"ddd":0,"bm":0,"hasMask":false,"ao":0,"ks":{"a":{"a":0,"k":[-68,-64.5,0],"ix":1},"s":{"a":0,"k":[100,100,100],"ix":6},"sk":{"a":0,"k":0},"p":{"a":0,"k":[-65.5,-56.5,0],"ix":2},"r":{"a":0,"k":0,"ix":10},"sa":{"a":0,"k":0},"o":{"a":0,"k":15,"ix":11}},"ef":[{"ty":28,"mn":"ADBE Set Matte3","nm":"ë§¤í¸ ì¤ì ","ix":1,"en":1,"ef":[{"ty":10,"mn":"ADBE Set Matte3-0001","nm":"ë ì´ì´ìì ë§¤í¸ ê°ì ¸ì¤ê¸°","ix":1,"v":{"a":0,"k":34,"ix":1}},{"ty":7,"mn":"ADBE Set Matte3-0002","nm":"ë§¤í¸ë¡ ì¬ì©","ix":2,"v":{"a":0,"k":4,"ix":2}},{"ty":7,"mn":"ADBE Set Matte3-0003","nm":"ë§¤í¸ ë°ì ","ix":3,"v":{"a":0,"k":0,"ix":3}},{"ty":7,"mn":"ADBE Set Matte3-0004","nm":"ë ì´ì´ í¬ê¸°ê° ë¤ë¥¸ ê²½ì°","ix":4,"v":{"a":0,"k":1,"ix":4}},{"ty":7,"mn":"ADBE Set Matte3-0005","nm":"ë§¤í¸ì ìë³¸ í©ì±","ix":5,"v":{"a":0,"k":1,"ix":5}},{"ty":7,"mn":"ADBE Set Matte3-0006","nm":"ë§¤í¸ ë ì´ì´ ë¯¸ë¦¬ ê³±íê¸°","ix":6,"v":{"a":0,"k":1,"ix":6}}]}],"shapes":[{"ty":"gr","bm":0,"hd":false,"mn":"ADBE Vector Group","nm":"Shape 1","ix":1,"cix":2,"np":3,"it":[{"ty":"sh","bm":0,"hd":false,"mn":"ADBE Vector Shape - Group","nm":"Path 1","ix":1,"d":1,"ks":{"a":0,"k":{"c":true,"i":[[0,0],[0,0],[-18.438,0],[0,0],[0,0]],"o":[[0,0],[0,0],[18.438,0],[0,0],[0,0]],"v":[[-86.5,-64.625],[-86.5,-45.625],[-67.938,-28.625],[-49.5,-45.625],[-49.5,-64.625]]},"ix":2}},{"ty":"fl","bm":0,"hd":false,"mn":"ADBE Vector Graphic - Fill","nm":"Fill 1","c":{"a":0,"k":[0,0,0],"ix":4},"r":1,"o":{"a":0,"k":100,"ix":5}},{"ty":"tr","a":{"a":0,"k":[0,0],"ix":1},"s":{"a":0,"k":[100,100],"ix":3},"sk":{"a":0,"k":0,"ix":4},"p":{"a":0,"k":[0,0],"ix":2},"r":{"a":0,"k":0,"ix":6},"sa":{"a":0,"k":0,"ix":5},"o":{"a":0,"k":100,"ix":7}}]}],"ind":22,"parent":15},{"ty":4,"nm":"Shape 13","sr":1,"st":-18.000000733155,"op":301.000012259981,"ip":49.0000019958109,"hd":false,"ddd":0,"bm":0,"hasMask":false,"ao":0,"ks":{"a":{"a":0,"k":[-105.25,-64.5,0],"ix":1},"s":{"a":0,"k":[100,100,100],"ix":6},"sk":{"a":0,"k":0},"p":{"a":0,"k":[-101.75,-56,0],"ix":2},"r":{"a":0,"k":0,"ix":10},"sa":{"a":0,"k":0},"o":{"a":0,"k":15,"ix":11}},"ef":[{"ty":28,"mn":"ADBE Set Matte3","nm":"ë§¤í¸ ì¤ì ","ix":1,"en":1,"ef":[{"ty":10,"mn":"ADBE Set Matte3-0001","nm":"ë ì´ì´ìì ë§¤í¸ ê°ì ¸ì¤ê¸°","ix":1,"v":{"a":0,"k":34,"ix":1}},{"ty":7,"mn":"ADBE Set Matte3-0002","nm":"ë§¤í¸ë¡ ì¬ì©","ix":2,"v":{"a":0,"k":4,"ix":2}},{"ty":7,"mn":"ADBE Set Matte3-0003","nm":"ë§¤í¸ ë°ì ","ix":3,"v":{"a":0,"k":0,"ix":3}},{"ty":7,"mn":"ADBE Set Matte3-0004","nm":"ë ì´ì´ í¬ê¸°ê° ë¤ë¥¸ ê²½ì°","ix":4,"v":{"a":0,"k":1,"ix":4}},{"ty":7,"mn":"ADBE Set Matte3-0005","nm":"ë§¤í¸ì ìë³¸ í©ì±","ix":5,"v":{"a":0,"k":1,"ix":5}},{"ty":7,"mn":"ADBE Set Matte3-0006","nm":"ë§¤í¸ ë ì´ì´ ë¯¸ë¦¬ ê³±íê¸°","ix":6,"v":{"a":0,"k":1,"ix":6}}]}],"shapes":[{"ty":"gr","bm":0,"hd":false,"mn":"ADBE Vector Group","nm":"Shape 1","ix":1,"cix":2,"np":3,"it":[{"ty":"sh","bm":0,"hd":false,"mn":"ADBE Vector Shape - Group","nm":"Path 1","ix":1,"d":1,"ks":{"a":0,"k":{"c":true,"i":[[0,0],[0,0],[-18.641,0],[0,0],[0,0]],"o":[[0,0],[0,0],[18.641,0],[0,0],[0,0]],"v":[[-124,-64.625],[-124,-45.625],[-105.141,-28.625],[-86.5,-45.625],[-86.5,-64.625]]},"ix":2}},{"ty":"fl","bm":0,"hd":false,"mn":"ADBE Vector Graphic - Fill","nm":"Fill 1","c":{"a":0,"k":[0,0,0],"ix":4},"r":1,"o":{"a":0,"k":100,"ix":5}},{"ty":"tr","a":{"a":0,"k":[0,0],"ix":1},"s":{"a":0,"k":[100,100],"ix":3},"sk":{"a":0,"k":0,"ix":4},"p":{"a":0,"k":[0,0],"ix":2},"r":{"a":0,"k":0,"ix":6},"sa":{"a":0,"k":0,"ix":5},"o":{"a":0,"k":100,"ix":7}}]}],"ind":23,"parent":16},{"ty":4,"nm":"Shape 12","sr":1,"st":13.0000005295009,"op":301.000012259981,"ip":13.0000005295009,"hd":false,"ddd":0,"bm":0,"hasMask":false,"ao":0,"ks":{"a":{"a":0,"k":[6.25,107.75,0],"ix":1},"s":{"a":1,"k":[{"o":{"x":0.58,"y":0},"i":{"x":0.42,"y":1},"s":[0,125,100],"t":13},{"o":{"x":0.58,"y":0},"i":{"x":0.42,"y":1},"s":[137.5,125,100],"t":30},{"s":[125,125,100],"t":44.0000017921567}],"ix":6},"sk":{"a":0,"k":0},"p":{"a":0,"k":[500.312,642.688,0],"ix":2},"r":{"a":0,"k":0,"ix":10},"sa":{"a":0,"k":0},"o":{"a":0,"k":100,"ix":11}},"ef":[],"shapes":[{"ty":"gr","bm":0,"hd":false,"mn":"ADBE Vector Group","nm":"Shape 1","ix":1,"cix":2,"np":3,"it":[{"ty":"sh","bm":0,"hd":false,"mn":"ADBE Vector Shape - Group","nm":"Path 1","ix":1,"d":1,"ks":{"a":0,"k":{"c":true,"i":[[0,0],[0,0],[0,0],[0,0]],"o":[[0,0],[0,0],[0,0],[0,0]],"v":[[-150.875,110],[-150.875,113],[163.5,113],[163.5,110]]},"ix":2}},{"ty":"fl","bm":0,"hd":false,"mn":"ADBE Vector Graphic - Fill","nm":"Fill 1","c":{"a":0,"k":[0.4392,0.4353,0.4941],"ix":4},"r":1,"o":{"a":0,"k":100,"ix":5}},{"ty":"tr","a":{"a":0,"k":[0,0],"ix":1},"s":{"a":0,"k":[100,100],"ix":3},"sk":{"a":0,"k":0,"ix":4},"p":{"a":0,"k":[0,0],"ix":2},"r":{"a":0,"k":0,"ix":6},"sa":{"a":0,"k":0,"ix":5},"o":{"a":0,"k":100,"ix":7}}]}],"ind":24},{"ty":4,"nm":"Shape 11","sr":1,"st":13.0000005295009,"op":301.000012259981,"ip":16.0000006516934,"hd":false,"ddd":0,"bm":0,"hasMask":false,"ao":0,"ks":{"a":{"a":0,"k":[6.25,107.75,0],"ix":1},"s":{"a":1,"k":[{"o":{"x":0.58,"y":0},"i":{"x":0.42,"y":1},"s":[0,125,100],"t":16},{"o":{"x":0.58,"y":0},"i":{"x":0.42,"y":1},"s":[137.5,125,100],"t":33},{"s":[125,125,100],"t":47.0000019143492}],"ix":6},"sk":{"a":0,"k":0},"p":{"a":0,"k":[500.312,642.062,0],"ix":2},"r":{"a":0,"k":0,"ix":10},"sa":{"a":0,"k":0},"o":{"a":0,"k":100,"ix":11}},"ef":[],"shapes":[{"ty":"gr","bm":0,"hd":false,"mn":"ADBE Vector Group","nm":"Shape 1","ix":1,"cix":2,"np":3,"it":[{"ty":"sh","bm":0,"hd":false,"mn":"ADBE Vector Shape - Group","nm":"Path 1","ix":1,"d":1,"ks":{"a":0,"k":{"c":true,"i":[[0,0],[0,0],[0,0],[0,0]],"o":[[0,0],[0,0],[0,0],[0,0]],"v":[[-145.875,102.5],[-145.875,113],[158.5,113],[158.5,102.5]]},"ix":2}},{"ty":"fl","bm":0,"hd":false,"mn":"ADBE Vector Graphic - Fill","nm":"Fill 1","c":{"a":0,"k":[0.7333,0.7333,0.7333],"ix":4},"r":1,"o":{"a":0,"k":100,"ix":5}},{"ty":"tr","a":{"a":0,"k":[0,0],"ix":1},"s":{"a":0,"k":[100,100],"ix":3},"sk":{"a":0,"k":0,"ix":4},"p":{"a":0,"k":[0,0],"ix":2},"r":{"a":0,"k":0,"ix":6},"sa":{"a":0,"k":0,"ix":5},"o":{"a":0,"k":100,"ix":7}}]}],"ind":25},{"ty":4,"nm":"Shape 10","sr":1,"st":13.0000005295009,"op":301.000012259981,"ip":36.0000014663101,"hd":false,"ddd":0,"bm":0,"hasMask":false,"ao":0,"ks":{"a":{"a":0,"k":[108.154,18.431,0],"ix":1},"s":{"a":1,"k":[{"o":{"x":0.58,"y":0},"i":{"x":0.42,"y":1},"s":[0,125,100],"t":36},{"s":[125,125,100],"t":51.0000020772726}],"ix":6},"sk":{"a":0,"k":0},"p":{"a":0,"k":[625.896,534.632,0],"ix":2},"r":{"a":0,"k":0,"ix":10},"sa":{"a":0,"k":0},"o":{"a":0,"k":100,"ix":11}},"ef":[],"shapes":[{"ty":"gr","bm":0,"hd":false,"mn":"ADBE Vector Group","nm":"Rectangle 2","ix":1,"cix":2,"np":3,"it":[{"ty":"rc","bm":0,"hd":false,"mn":"ADBE Vector Shape - Rect","nm":"Rectangle Path 1","d":1,"p":{"a":0,"k":[-18,0],"ix":3},"r":{"a":0,"k":0,"ix":4},"s":{"a":0,"k":[19.154,1.861],"ix":2}},{"ty":"fl","bm":0,"hd":false,"mn":"ADBE Vector Graphic - Fill","nm":"Fill 1","c":{"a":0,"k":[0.9961,0.9961,0.9647],"ix":4},"r":1,"o":{"a":0,"k":100,"ix":5}},{"ty":"tr","a":{"a":0,"k":[0,0],"ix":1},"s":{"a":0,"k":[100,100],"ix":3},"sk":{"a":0,"k":0,"ix":4},"p":{"a":0,"k":[75.077,18.431],"ix":2},"r":{"a":0,"k":0,"ix":6},"sa":{"a":0,"k":0,"ix":5},"o":{"a":0,"k":100,"ix":7}}]},{"ty":"gr","bm":0,"hd":false,"mn":"ADBE Vector Group","nm":"Rectangle 1","ix":2,"cix":2,"np":3,"it":[{"ty":"rc","bm":0,"hd":false,"mn":"ADBE Vector Shape - Rect","nm":"Rectangle Path 1","d":1,"p":{"a":0,"k":[0,0],"ix":3},"r":{"a":0,"k":0,"ix":4},"s":{"a":0,"k":[66.154,9.861],"ix":2}},{"ty":"fl","bm":0,"hd":false,"mn":"ADBE Vector Graphic - Fill","nm":"Fill 1","c":{"a":0,"k":[0.7765,0.7765,0.7765],"ix":4},"r":1,"o":{"a":0,"k":100,"ix":5}},{"ty":"tr","a":{"a":0,"k":[0,0],"ix":1},"s":{"a":0,"k":[100,100],"ix":3},"sk":{"a":0,"k":0,"ix":4},"p":{"a":0,"k":[75.077,18.431],"ix":2},"r":{"a":0,"k":0,"ix":6},"sa":{"a":0,"k":0,"ix":5},"o":{"a":0,"k":100,"ix":7}}]}],"ind":26},{"ty":4,"nm":"Shape 09","sr":1,"st":13.0000005295009,"op":301.000012259981,"ip":33.0000013441176,"hd":false,"ddd":0,"bm":0,"hasMask":false,"ao":0,"ks":{"a":{"a":0,"k":[0,0,0],"ix":1},"s":{"a":0,"k":[125,125,100],"ix":6},"sk":{"a":0,"k":0},"p":{"a":0,"k":[607.5,508,0],"ix":2},"r":{"a":0,"k":0,"ix":10},"sa":{"a":0,"k":0},"o":{"a":0,"k":15,"ix":11}},"ef":[{"ty":28,"mn":"ADBE Set Matte3","nm":"ë§¤í¸ ì¤ì ","ix":1,"en":1,"ef":[{"ty":10,"mn":"ADBE Set Matte3-0001","nm":"ë ì´ì´ìì ë§¤í¸ ê°ì ¸ì¤ê¸°","ix":1,"v":{"a":0,"k":28,"ix":1}},{"ty":7,"mn":"ADBE Set Matte3-0002","nm":"ë§¤í¸ë¡ ì¬ì©","ix":2,"v":{"a":0,"k":4,"ix":2}},{"ty":7,"mn":"ADBE Set Matte3-0003","nm":"ë§¤í¸ ë°ì ","ix":3,"v":{"a":0,"k":0,"ix":3}},{"ty":7,"mn":"ADBE Set Matte3-0004","nm":"ë ì´ì´ í¬ê¸°ê° ë¤ë¥¸ ê²½ì°","ix":4,"v":{"a":0,"k":1,"ix":4}},{"ty":7,"mn":"ADBE Set Matte3-0005","nm":"ë§¤í¸ì ìë³¸ í©ì±","ix":5,"v":{"a":0,"k":1,"ix":5}},{"ty":7,"mn":"ADBE Set Matte3-0006","nm":"ë§¤í¸ ë ì´ì´ ë¯¸ë¦¬ ê³±íê¸°","ix":6,"v":{"a":0,"k":1,"ix":6}}]}],"shapes":[{"ty":"gr","bm":0,"hd":false,"mn":"ADBE Vector Group","nm":"Shape 2","ix":1,"cix":2,"np":3,"it":[{"ty":"sh","bm":0,"hd":false,"mn":"ADBE Vector Shape - Group","nm":"Path 1","ix":1,"d":1,"ks":{"a":0,"k":{"c":false,"i":[[0,0],[0,0]],"o":[[0,0],[0,0]],"v":[[-147.5,172],[138.5,-143.5]]},"ix":2}},{"ty":"st","bm":0,"hd":false,"mn":"ADBE Vector Graphic - Stroke","nm":"Stroke 1","lc":1,"lj":1,"ml":4,"o":{"a":0,"k":100,"ix":4},"w":{"a":0,"k":12,"ix":5},"c":{"a":0,"k":[1,1,1],"ix":3}},{"ty":"tr","a":{"a":0,"k":[0,0],"ix":1},"s":{"a":0,"k":[100,100],"ix":3},"sk":{"a":0,"k":0,"ix":4},"p":{"a":0,"k":[0,0],"ix":2},"r":{"a":0,"k":0,"ix":6},"sa":{"a":0,"k":0,"ix":5},"o":{"a":0,"k":100,"ix":7}}]},{"ty":"gr","bm":0,"hd":false,"mn":"ADBE Vector Group","nm":"Shape 1","ix":2,"cix":2,"np":3,"it":[{"ty":"sh","bm":0,"hd":false,"mn":"ADBE Vector Shape - Group","nm":"Path 1","ix":1,"d":1,"ks":{"a":0,"k":{"c":false,"i":[[0,0],[0,0]],"o":[[0,0],[0,0]],"v":[[-177.5,172],[108.5,-143.5]]},"ix":2}},{"ty":"st","bm":0,"hd":false,"mn":"ADBE Vector Graphic - Stroke","nm":"Stroke 1","lc":1,"lj":1,"ml":4,"o":{"a":0,"k":100,"ix":4},"w":{"a":0,"k":20,"ix":5},"c":{"a":0,"k":[1,1,1],"ix":3}},{"ty":"tr","a":{"a":0,"k":[0,0],"ix":1},"s":{"a":0,"k":[100,100],"ix":3},"sk":{"a":0,"k":0,"ix":4},"p":{"a":0,"k":[0,0],"ix":2},"r":{"a":0,"k":0,"ix":6},"sa":{"a":0,"k":0,"ix":5},"o":{"a":0,"k":100,"ix":7}}]}],"ind":27},{"ty":4,"nm":"Shape 08","sr":1,"st":13.0000005295009,"op":301.000012259981,"ip":33.0000013441176,"hd":false,"ddd":0,"bm":0,"hasMask":false,"ao":0,"ks":{"a":{"a":0,"k":[72.5,100,0],"ix":1},"s":{"a":1,"k":[{"o":{"x":0.58,"y":0},"i":{"x":0.42,"y":1},"s":[125,0,100],"t":33},{"o":{"x":0.58,"y":0},"i":{"x":0.42,"y":1},"s":[125,131.25,100],"t":47},{"s":[125,125,100],"t":55.0000022401959}],"ix":6},"sk":{"a":0,"k":0},"p":{"a":1,"k":[{"o":{"x":0.58,"y":0},"i":{"x":0.42,"y":1},"s":[584.609,635.5,0],"t":33,"ti":[0,0.417,0],"to":[0,-0.417,0]},{"s":[584.609,633,0],"t":47.0000019143492}],"ix":2},"r":{"a":0,"k":0,"ix":10},"sa":{"a":0,"k":0},"o":{"a":0,"k":100,"ix":11}},"ef":[],"shapes":[{"ty":"gr","bm":0,"hd":false,"mn":"ADBE Vector Group","nm":"Shape 1","ix":1,"cix":2,"np":3,"it":[{"ty":"sh","bm":0,"hd":false,"mn":"ADBE Vector Shape - Group","nm":"Path 1","ix":1,"d":1,"ks":{"a":0,"k":{"c":true,"i":[[0,0],[0,0],[0,0],[0,0]],"o":[[0,0],[0,0],[0,0],[0,0]],"v":[[38.688,-64.5],[38.688,100],[106.312,100],[106.312,-64.5]]},"ix":2}},{"ty":"st","bm":0,"hd":false,"mn":"ADBE Vector Graphic - Stroke","nm":"Stroke 1","lc":1,"lj":1,"ml":4,"o":{"a":0,"k":100,"ix":4},"w":{"a":0,"k":6,"ix":5},"c":{"a":0,"k":[0.9961,0.9961,0.9569],"ix":3}},{"ty":"fl","bm":0,"hd":false,"mn":"ADBE Vector Graphic - Fill","nm":"Fill 1","c":{"a":0,"k":[0.6196,0.8431,0.851],"ix":4},"r":1,"o":{"a":0,"k":100,"ix":5}},{"ty":"tr","a":{"a":0,"k":[0,0],"ix":1},"s":{"a":0,"k":[100,100],"ix":3},"sk":{"a":0,"k":0,"ix":4},"p":{"a":0,"k":[0,0],"ix":2},"r":{"a":0,"k":0,"ix":6},"sa":{"a":0,"k":0,"ix":5},"o":{"a":0,"k":100,"ix":7}}]}],"ind":28},{"ty":4,"nm":"Shape 07","sr":1,"st":13.0000005295009,"op":301.000012259981,"ip":29.0000011811942,"hd":false,"ddd":0,"bm":0,"hasMask":false,"ao":0,"ks":{"a":{"a":0,"k":[5.875,90.25,0],"ix":1},"s":{"a":0,"k":[92.73,100,100],"ix":6},"sk":{"a":0,"k":0},"p":{"a":0,"k":[5.875,90.25,0],"ix":2},"r":{"a":0,"k":0,"ix":10},"sa":{"a":0,"k":0},"o":{"a":0,"k":100,"ix":11}},"ef":[],"shapes":[{"ty":"gr","bm":0,"hd":false,"mn":"ADBE Vector Group","nm":"Shape 1","ix":1,"cix":2,"np":3,"it":[{"ty":"sh","bm":0,"hd":false,"mn":"ADBE Vector Shape - Group","nm":"Path 1","ix":1,"d":1,"ks":{"a":0,"k":{"c":true,"i":[[0,0],[0,0],[0,0],[0,0]],"o":[[0,0],[0,0],[0,0],[0,0]],"v":[[-118.25,78],[-118.25,80.5],[130,80.5],[130,78]]},"ix":2}},{"ty":"fl","bm":0,"hd":false,"mn":"ADBE Vector Graphic - Fill","nm":"Fill 1","c":{"a":0,"k":[0.0235,0.2039,0.2039],"ix":4},"r":1,"o":{"a":0,"k":100,"ix":5}},{"ty":"tr","a":{"a":0,"k":[0,0],"ix":1},"s":{"a":0,"k":[100,100],"ix":3},"sk":{"a":0,"k":0,"ix":4},"p":{"a":0,"k":[0,0],"ix":2},"r":{"a":0,"k":0,"ix":6},"sa":{"a":0,"k":0,"ix":5},"o":{"a":0,"k":100,"ix":7}}]}],"ind":29,"parent":30},{"ty":4,"nm":"Shape 06","sr":1,"st":13.0000005295009,"op":301.000012259981,"ip":29.0000011811942,"hd":false,"ddd":0,"bm":0,"hasMask":false,"ao":0,"ks":{"a":{"a":0,"k":[5.875,90.25,0],"ix":1},"s":{"a":1,"k":[{"o":{"x":0.58,"y":0},"i":{"x":0.42,"y":1},"s":[0,125,100],"t":29},{"o":{"x":0.58,"y":0},"i":{"x":0.42,"y":1},"s":[137.5,125,100],"t":46},{"s":[125,125,100],"t":60.0000024438501}],"ix":6},"sk":{"a":0,"k":0},"p":{"a":0,"k":[499.84399999999994,620.812,0],"ix":2},"r":{"a":0,"k":0,"ix":10},"sa":{"a":0,"k":0},"o":{"a":0,"k":100,"ix":11}},"ef":[],"shapes":[{"ty":"gr","bm":0,"hd":false,"mn":"ADBE Vector Group","nm":"Shape 1","ix":1,"cix":2,"np":3,"it":[{"ty":"sh","bm":0,"hd":false,"mn":"ADBE Vector Shape - Group","nm":"Path 1","ix":1,"d":1,"ks":{"a":0,"k":{"c":true,"i":[[0,0],[0,0],[0,0],[0,0]],"o":[[0,0],[0,0],[0,0],[0,0]],"v":[[-118.25,78],[-118.25,102.5],[130,102.5],[130,78]]},"ix":2}},{"ty":"fl","bm":0,"hd":false,"mn":"ADBE Vector Graphic - Fill","nm":"Fill 1","c":{"a":0,"k":[0.0157,0.6588,0.051],"ix":4},"r":1,"o":{"a":0,"k":100,"ix":5}},{"ty":"tr","a":{"a":0,"k":[0,0],"ix":1},"s":{"a":0,"k":[100,100],"ix":3},"sk":{"a":0,"k":0,"ix":4},"p":{"a":0,"k":[0.04,0.012],"ix":2},"r":{"a":0,"k":0,"ix":6},"sa":{"a":0,"k":0,"ix":5},"o":{"a":0,"k":100,"ix":7}}]}],"ind":30},{"ty":4,"nm":"Shape 05","sr":1,"st":13.0000005295009,"op":301.000012259981,"ip":38.0000015477717,"hd":false,"ddd":0,"bm":0,"hasMask":false,"ao":0,"ks":{"a":{"a":0,"k":[-38.719,56.625,0],"ix":1},"s":{"a":0,"k":[100,100,100],"ix":6},"sk":{"a":0,"k":0},"p":{"a":0,"k":[-38.719,51.125,0],"ix":2},"r":{"a":0,"k":0,"ix":10},"sa":{"a":0,"k":0},"o":{"a":0,"k":100,"ix":11}},"ef":[],"shapes":[{"ty":"gr","bm":0,"hd":false,"mn":"ADBE Vector Group","nm":"Shape 1","ix":1,"cix":2,"np":3,"it":[{"ty":"sh","bm":0,"hd":false,"mn":"ADBE Vector Shape - Group","nm":"Path 1","ix":1,"d":1,"ks":{"a":0,"k":{"c":true,"i":[[0,0],[0,0],[0,0],[0,0]],"o":[[0,0],[0,0],[0,0],[0,0]],"v":[[-87.938,55.531],[-87.938,57.5],[10.844,57.516],[10.844,55.5]]},"ix":2}},{"ty":"fl","bm":0,"hd":false,"mn":"ADBE Vector Graphic - Fill","nm":"Fill 1","c":{"a":0,"k":[0.7333,0.7333,0.7333],"ix":4},"r":1,"o":{"a":0,"k":100,"ix":5}},{"ty":"tr","a":{"a":0,"k":[0,0],"ix":1},"s":{"a":0,"k":[100,100],"ix":3},"sk":{"a":0,"k":0,"ix":4},"p":{"a":0,"k":[0,0],"ix":2},"r":{"a":0,"k":0,"ix":6},"sa":{"a":0,"k":0,"ix":5},"o":{"a":0,"k":100,"ix":7}}]}],"ind":31,"parent":33},{"ty":4,"nm":"Shape 04","sr":1,"st":13.0000005295009,"op":301.000012259981,"ip":38.0000015477717,"hd":false,"ddd":0,"bm":0,"hasMask":false,"ao":0,"ks":{"a":{"a":0,"k":[0,0,0],"ix":1},"s":{"a":0,"k":[125,125,100],"ix":6},"sk":{"a":0,"k":0},"p":{"a":0,"k":[466.24999999999994,508,0],"ix":2},"r":{"a":0,"k":0,"ix":10},"sa":{"a":0,"k":0},"o":{"a":0,"k":15,"ix":11}},"ef":[{"ty":28,"mn":"ADBE Set Matte3","nm":"ë§¤í¸ ì¤ì ","ix":1,"en":1,"ef":[{"ty":10,"mn":"ADBE Set Matte3-0001","nm":"ë ì´ì´ìì ë§¤í¸ ê°ì ¸ì¤ê¸°","ix":1,"v":{"a":0,"k":33,"ix":1}},{"ty":7,"mn":"ADBE Set Matte3-0002","nm":"ë§¤í¸ë¡ ì¬ì©","ix":2,"v":{"a":0,"k":4,"ix":2}},{"ty":7,"mn":"ADBE Set Matte3-0003","nm":"ë§¤í¸ ë°ì ","ix":3,"v":{"a":0,"k":0,"ix":3}},{"ty":7,"mn":"ADBE Set Matte3-0004","nm":"ë ì´ì´ í¬ê¸°ê° ë¤ë¥¸ ê²½ì°","ix":4,"v":{"a":0,"k":1,"ix":4}},{"ty":7,"mn":"ADBE Set Matte3-0005","nm":"ë§¤í¸ì ìë³¸ í©ì±","ix":5,"v":{"a":0,"k":1,"ix":5}},{"ty":7,"mn":"ADBE Set Matte3-0006","nm":"ë§¤í¸ ë ì´ì´ ë¯¸ë¦¬ ê³±íê¸°","ix":6,"v":{"a":0,"k":1,"ix":6}}]}],"shapes":[{"ty":"gr","bm":0,"hd":false,"mn":"ADBE Vector Group","nm":"Shape 2","ix":1,"cix":2,"np":3,"it":[{"ty":"sh","bm":0,"hd":false,"mn":"ADBE Vector Shape - Group","nm":"Path 1","ix":1,"d":1,"ks":{"a":0,"k":{"c":false,"i":[[0,0],[0,0]],"o":[[0,0],[0,0]],"v":[[-147.5,172],[138.5,-143.5]]},"ix":2}},{"ty":"st","bm":0,"hd":false,"mn":"ADBE Vector Graphic - Stroke","nm":"Stroke 1","lc":1,"lj":1,"ml":4,"o":{"a":0,"k":100,"ix":4},"w":{"a":0,"k":12,"ix":5},"c":{"a":0,"k":[1,1,1],"ix":3}},{"ty":"tr","a":{"a":0,"k":[0,0],"ix":1},"s":{"a":0,"k":[100,100],"ix":3},"sk":{"a":0,"k":0,"ix":4},"p":{"a":0,"k":[0,0],"ix":2},"r":{"a":0,"k":0,"ix":6},"sa":{"a":0,"k":0,"ix":5},"o":{"a":0,"k":100,"ix":7}}]},{"ty":"gr","bm":0,"hd":false,"mn":"ADBE Vector Group","nm":"Shape 1","ix":2,"cix":2,"np":3,"it":[{"ty":"sh","bm":0,"hd":false,"mn":"ADBE Vector Shape - Group","nm":"Path 1","ix":1,"d":1,"ks":{"a":0,"k":{"c":false,"i":[[0,0],[0,0]],"o":[[0,0],[0,0]],"v":[[-177.5,172],[108.5,-143.5]]},"ix":2}},{"ty":"st","bm":0,"hd":false,"mn":"ADBE Vector Graphic - Stroke","nm":"Stroke 1","lc":1,"lj":1,"ml":4,"o":{"a":0,"k":100,"ix":4},"w":{"a":0,"k":20,"ix":5},"c":{"a":0,"k":[1,1,1],"ix":3}},{"ty":"tr","a":{"a":0,"k":[0,0],"ix":1},"s":{"a":0,"k":[100,100],"ix":3},"sk":{"a":0,"k":0,"ix":4},"p":{"a":0,"k":[0,0],"ix":2},"r":{"a":0,"k":0,"ix":6},"sa":{"a":0,"k":0,"ix":5},"o":{"a":0,"k":100,"ix":7}}]}],"ind":32},{"ty":4,"nm":"Shape 03","sr":1,"st":13.0000005295009,"op":301.000012259981,"ip":38.0000015477717,"hd":false,"ddd":0,"bm":0,"hasMask":false,"ao":0,"ks":{"a":{"a":0,"k":[-38.625,55,0],"ix":1},"s":{"a":1,"k":[{"o":{"x":0.58,"y":0},"i":{"x":0.42,"y":1},"s":[125,0,100],"t":38},{"o":{"x":0.58,"y":0},"i":{"x":0.42,"y":1},"s":[125,131.25,100],"t":52},{"s":[125,125,100],"t":60.0000024438501}],"ix":6},"sk":{"a":0,"k":0},"p":{"a":1,"k":[{"o":{"x":0.58,"y":0},"i":{"x":0.42,"y":1},"s":[445.703,628,0],"t":38,"ti":[0,8.542,0],"to":[0,-8.542,0]},{"s":[445.703,576.75,0],"t":52.0000021180034}],"ix":2},"r":{"a":0,"k":0,"ix":10},"sa":{"a":0,"k":0},"o":{"a":0,"k":100,"ix":11}},"ef":[],"shapes":[{"ty":"gr","bm":0,"hd":false,"mn":"ADBE Vector Group","nm":"Shape 1","ix":1,"cix":2,"np":3,"it":[{"ty":"sh","bm":0,"hd":false,"mn":"ADBE Vector Shape - Group","nm":"Path 1","ix":1,"d":1,"ks":{"a":0,"k":{"c":true,"i":[[0,0],[0,0],[0,0],[0,0]],"o":[[0,0],[0,0],[0,0],[0,0]],"v":[[-91.062,-64.5],[-91.062,55],[13.812,55],[13.812,-64.5]]},"ix":2}},{"ty":"st","bm":0,"hd":false,"mn":"ADBE Vector Graphic - Stroke","nm":"Stroke 1","lc":1,"lj":1,"ml":4,"o":{"a":0,"k":100,"ix":4},"w":{"a":0,"k":6,"ix":5},"c":{"a":0,"k":[0.9961,0.9961,0.9569],"ix":3}},{"ty":"fl","bm":0,"hd":false,"mn":"ADBE Vector Graphic - Fill","nm":"Fill 1","c":{"a":0,"k":[0.6196,0.8431,0.851],"ix":4},"r":1,"o":{"a":0,"k":100,"ix":5}},{"ty":"tr","a":{"a":0,"k":[0,0],"ix":1},"s":{"a":0,"k":[100,100],"ix":3},"sk":{"a":0,"k":0,"ix":4},"p":{"a":0,"k":[0,0],"ix":2},"r":{"a":0,"k":0,"ix":6},"sa":{"a":0,"k":0,"ix":5},"o":{"a":0,"k":100,"ix":7}}]}],"ind":33},{"ty":4,"nm":"Shape 02","sr":1,"st":13.0000005295009,"op":301.000012259981,"ip":28.0000011404634,"hd":false,"ddd":0,"bm":0,"hasMask":false,"ao":0,"ks":{"a":{"a":0,"k":[5,102.5,0],"ix":1},"s":{"a":1,"k":[{"o":{"x":0.58,"y":0},"i":{"x":0.42,"y":1},"s":[125,0,100],"t":28},{"o":{"x":0.58,"y":0},"i":{"x":0.42,"y":1},"s":[125,143.75,100],"t":45},{"s":[125,125,100],"t":56.0000022809268}],"ix":6},"sk":{"a":0,"k":0},"p":{"a":0,"k":[500.23400000000004,636.125,0],"ix":2},"r":{"a":0,"k":0,"ix":10},"sa":{"a":0,"k":0},"o":{"a":0,"k":100,"ix":11}},"ef":[],"shapes":[{"ty":"gr","bm":0,"hd":false,"mn":"ADBE Vector Group","nm":"Shape 1","ix":1,"cix":2,"np":3,"it":[{"ty":"sh","bm":0,"hd":false,"mn":"ADBE Vector Shape - Group","nm":"Path 1","ix":1,"d":1,"ks":{"a":0,"k":{"c":true,"i":[[0,0],[0,0],[0,0],[0,0]],"o":[[0,0],[0,0],[0,0],[0,0]],"v":[[-112.25,-64.5],[-112.25,102.5],[122.25,102.5],[122.25,-64.5]]},"ix":2}},{"ty":"fl","bm":0,"hd":false,"mn":"ADBE Vector Graphic - Fill","nm":"Fill 1","c":{"a":0,"k":[0.7765,0.7765,0.7765],"ix":4},"r":1,"o":{"a":0,"k":100,"ix":5}},{"ty":"tr","a":{"a":0,"k":[0,0],"ix":1},"s":{"a":0,"k":[100,100],"ix":3},"sk":{"a":0,"k":0,"ix":4},"p":{"a":0,"k":[0,0],"ix":2},"r":{"a":0,"k":0,"ix":6},"sa":{"a":0,"k":0,"ix":5},"o":{"a":0,"k":100,"ix":7}}]}],"ind":34}],"v":"5.6.3","fr":30,"op":90,"ip":0,"assets":[]}