{"nm":"Chatbot 2","ddd":0,"h":1200,"w":1200,"meta":{"g":"@lottiefiles/toolkit-js 0.33.2"},"layers":[{"ty":0,"nm":"Dot Loading","sr":1,"st":92,"op":133,"ip":92,"hd":false,"ddd":0,"bm":0,"hasMask":false,"ao":0,"ks":{"a":{"a":0,"k":[500,500,0],"ix":1},"s":{"a":0,"k":[100,100,100],"ix":6},"sk":{"a":0,"k":0},"p":{"a":0,"k":[500,500,0],"ix":2},"r":{"a":0,"k":0,"ix":10},"sa":{"a":0,"k":0},"o":{"a":0,"k":100,"ix":11}},"ef":[],"w":1000,"h":1000,"refId":"comp_0","ind":1,"parent":5},{"ty":0,"nm":"Dot Loading","sr":1,"st":51,"op":92,"ip":51,"hd":false,"ddd":0,"bm":0,"hasMask":false,"ao":0,"ks":{"a":{"a":0,"k":[500,500,0],"ix":1},"s":{"a":0,"k":[100,100,100],"ix":6},"sk":{"a":0,"k":0},"p":{"a":0,"k":[500,500,0],"ix":2},"r":{"a":0,"k":0,"ix":10},"sa":{"a":0,"k":0},"o":{"a":0,"k":100,"ix":11}},"ef":[],"w":1000,"h":1000,"refId":"comp_0","ind":2,"parent":5},{"ty":0,"nm":"Dot Loading","sr":1,"st":10,"op":51,"ip":10,"hd":false,"ddd":0,"bm":0,"hasMask":false,"ao":0,"ks":{"a":{"a":0,"k":[500,500,0],"ix":1},"s":{"a":0,"k":[100,100,100],"ix":6},"sk":{"a":0,"k":0},"p":{"a":0,"k":[500,500,0],"ix":2},"r":{"a":0,"k":0,"ix":10},"sa":{"a":0,"k":0},"o":{"a":0,"k":100,"ix":11}},"ef":[],"w":1000,"h":1000,"refId":"comp_0","ind":3,"parent":5},{"ty":4,"nm":"Headphone","sr":1,"st":10,"op":310,"ip":10,"hd":false,"ddd":0,"bm":0,"hasMask":false,"ao":0,"ks":{"a":{"a":0,"k":[500,500,0],"ix":1},"s":{"a":0,"k":[100,100,100],"ix":6},"sk":{"a":0,"k":0},"p":{"a":1,"k":[{"o":{"x":0.167,"y":0.167},"i":{"x":0.833,"y":0.833},"s":[500,588,0],"t":12},{"o":{"x":0.167,"y":0.167},"i":{"x":0.833,"y":0.833},"s":[500,577.993,0],"t":13},{"o":{"x":0.167,"y":0.167},"i":{"x":0.833,"y":0.833},"s":[500,556.05,0],"t":14},{"o":{"x":0.167,"y":0.167},"i":{"x":0.833,"y":0.833},"s":[500,528.247,0],"t":15},{"o":{"x":0.167,"y":0.167},"i":{"x":0.833,"y":0.833},"s":[500,500,0],"t":16},{"o":{"x":0.167,"y":0.167},"i":{"x":0.833,"y":0.833},"s":[500,482.939,0],"t":17},{"o":{"x":0.167,"y":0.167},"i":{"x":0.833,"y":0.833},"s":[500,473.145,0],"t":18},{"o":{"x":0.167,"y":0.167},"i":{"x":0.833,"y":0.833},"s":[500,469.166,0],"t":19},{"o":{"x":0.167,"y":0.167},"i":{"x":0.833,"y":0.833},"s":[500,469.468,0],"t":20},{"o":{"x":0.167,"y":0.167},"i":{"x":0.833,"y":0.833},"s":[500,472.611,0],"t":21},{"o":{"x":0.167,"y":0.167},"i":{"x":0.833,"y":0.833},"s":[500,477.354,0],"t":22},{"o":{"x":0.167,"y":0.167},"i":{"x":0.833,"y":0.833},"s":[500,482.715,0],"t":23},{"o":{"x":0.167,"y":0.167},"i":{"x":0.833,"y":0.833},"s":[500,487.972,0],"t":24},{"o":{"x":0.167,"y":0.167},"i":{"x":0.833,"y":0.833},"s":[500,492.655,0],"t":25},{"o":{"x":0.167,"y":0.167},"i":{"x":0.833,"y":0.833},"s":[500,496.501,0],"t":26},{"o":{"x":0.167,"y":0.167},"i":{"x":0.833,"y":0.833},"s":[500,499.416,0],"t":27},{"o":{"x":0.167,"y":0.167},"i":{"x":0.833,"y":0.833},"s":[500,501.426,0],"t":28},{"o":{"x":0.167,"y":0.167},"i":{"x":0.833,"y":0.833},"s":[500,502.636,0],"t":29},{"o":{"x":0.167,"y":0.167},"i":{"x":0.833,"y":0.833},"s":[500,503.194,0],"t":30},{"o":{"x":0.167,"y":0.167},"i":{"x":0.833,"y":0.833},"s":[500,502.99,0],"t":32},{"o":{"x":0.167,"y":0.167},"i":{"x":0.833,"y":0.833},"s":[500,502.522,0],"t":33},{"o":{"x":0.167,"y":0.167},"i":{"x":0.833,"y":0.833},"s":[500,501.965,0],"t":34},{"o":{"x":0.167,"y":0.167},"i":{"x":0.833,"y":0.833},"s":[500,501.402,0],"t":35},{"o":{"x":0.167,"y":0.167},"i":{"x":0.833,"y":0.833},"s":[500,500.89,0],"t":36},{"o":{"x":0.167,"y":0.167},"i":{"x":0.833,"y":0.833},"s":[500,500.461,0],"t":37},{"s":[500,500.129,0],"t":38}]},"r":{"a":0,"k":0,"ix":10},"sa":{"a":0,"k":0},"o":{"a":1,"k":[{"o":{"x":0.167,"y":0.167},"i":{"x":0.833,"y":0.833},"s":[0],"t":10},{"s":[100],"t":18}],"ix":11}},"ef":[{"ty":5,"mn":"Pseudo/MDS Elastic Controller","nm":"Elastic Controller","ix":1,"en":1,"ef":[{"ty":0,"mn":"Pseudo/MDS Elastic Controller-0001","nm":"Amplitude","ix":1,"v":{"a":0,"k":20,"ix":1}},{"ty":0,"mn":"Pseudo/MDS Elastic Controller-0002","nm":"Frequency","ix":2,"v":{"a":0,"k":40,"ix":2}},{"ty":0,"mn":"Pseudo/MDS Elastic Controller-0003","nm":"Decay","ix":3,"v":{"a":0,"k":60,"ix":3}}]}],"shapes":[{"ty":"gr","bm":0,"hd":false,"mn":"ADBE Vector Group","nm":"Group 1","ix":1,"cix":2,"np":2,"it":[{"ty":"sh","bm":0,"hd":false,"mn":"ADBE Vector Shape - Group","nm":"Path 1","ix":1,"d":1,"ks":{"a":0,"k":{"c":true,"i":[[0.475,9.829],[70.296,51.37],[-2.704,-5.407],[2.904,-90.044],[0.274,-2.015],[0.217,-1.463],[0,0],[0.246,-1.941],[0,0],[0.195,-1.456],[0,0],[0.544,-3.353],[0,0],[0.824,-3.529],[0,0],[0,0],[-0.57,-0.069],[-2.168,-0.215],[-2.194,-0.254],[-3.221,-0.1],[-0.182,0],[-1.246,2.898],[0,0],[-1.439,5.108],[-0.985,2.978],[-0.433,1.657],[-0.235,0.836],[-0.444,1.858],[0,0],[-0.528,2.469],[-0.391,2.057],[0,0],[-5.114,7.592]],"o":[[-7.934,-81.263],[-8.111,-5.408],[54.074,78.408],[-0.238,2.04],[-0.204,1.467],[0,0],[-0.298,2.042],[0,0],[-0.232,1.847],[0,0],[-0.446,3.372],[0,0],[-0.573,3.638],[0,0],[0,0],[1.436,0.137],[0.636,0.077],[1.204,0.12],[5.481,0.634],[0.19,0.007],[5.173,0],[0,0],[2.297,-5.29],[0.789,-2.803],[0.404,-1.219],[0.248,-0.945],[0.481,-1.699],[0,0],[0.589,-2.417],[0.433,-2.033],[0,0],[4.087,-8.742],[0.552,-10.431]],"v":[[60.711,51.665],[-36.445,-170.191],[-60.778,-143.154],[12.021,111.816],[11.261,117.983],[10.624,122.39],[10.212,125.204],[9.352,131.353],[9.193,132.604],[8.504,137.969],[8.016,141.649],[6.606,151.575],[6.183,154.221],[4.243,164.826],[3.538,167.838],[6.616,168.133],[9.111,168.397],[12.649,168.778],[17.949,169.37],[33.474,170.893],[34.031,170.902],[41.918,165.601],[42.031,165.336],[47.124,150.114],[49.715,141.434],[50.99,136.886],[51.719,134.167],[53.097,128.712],[53.559,126.788],[55.288,119.365],[56.5,113.217],[56.801,111.626],[60.595,81.773]]},"ix":2}},{"ty":"fl","bm":0,"hd":false,"mn":"ADBE Vector Graphic - Fill","nm":"Fill 1","c":{"a":0,"k":[0.2235,0.2235,0.2235],"ix":4},"r":1,"o":{"a":0,"k":100,"ix":5}},{"ty":"tr","a":{"a":0,"k":[0,0],"ix":1},"s":{"a":0,"k":[100,100],"ix":3},"sk":{"a":0,"k":0,"ix":4},"p":{"a":0,"k":[880.575,409.23],"ix":2},"r":{"a":0,"k":0,"ix":6},"sa":{"a":0,"k":0,"ix":5},"o":{"a":0,"k":100,"ix":7}}]},{"ty":"gr","bm":0,"hd":false,"mn":"ADBE Vector Group","nm":"Group 2","ix":2,"cix":2,"np":2,"it":[{"ty":"sh","bm":0,"hd":false,"mn":"ADBE Vector Shape - Group","nm":"Path 1","ix":1,"d":1,"ks":{"a":0,"k":{"c":true,"i":[[20.112,0],[0,0],[0,20.112],[0,0],[-20.112,0],[0,0],[0,-20.112],[0,0]],"o":[[0,0],[-20.112,0],[0,0],[0,-20.112],[0,0],[20.112,0],[0,0],[0,20.112]],"v":[[18.689,36.416],[-18.69,36.416],[-55.106,0],[-55.106,0],[-18.69,-36.416],[18.689,-36.416],[55.106,0],[55.106,0]]},"ix":2}},{"ty":"fl","bm":0,"hd":false,"mn":"ADBE Vector Graphic - Fill","nm":"Fill 1","c":{"a":0,"k":[0.1569,0.9804,0.3255],"ix":4},"r":1,"o":{"a":0,"k":100,"ix":5}},{"ty":"tr","a":{"a":0,"k":[0,0],"ix":1},"s":{"a":0,"k":[100,100],"ix":3},"sk":{"a":0,"k":0,"ix":4},"p":{"a":0,"k":[516.954,912.414],"ix":2},"r":{"a":0,"k":0,"ix":6},"sa":{"a":0,"k":0,"ix":5},"o":{"a":0,"k":100,"ix":7}}]},{"ty":"gr","bm":0,"hd":false,"mn":"ADBE Vector Group","nm":"Group 3","ix":3,"cix":2,"np":2,"it":[{"ty":"sh","bm":0,"hd":false,"mn":"ADBE Vector Shape - Group","nm":"Path 1","ix":1,"d":1,"ks":{"a":0,"k":{"c":true,"i":[[119.876,0],[84.775,-84.775],[0,0],[0,0],[0,0],[-101.827,0],[-71.992,-71.992],[0,0],[0,0],[0,0]],"o":[[-119.876,0],[0,0],[0,0],[0,0],[71.992,-71.992],[101.827,0],[0,0],[0,0],[0,0],[-84.775,-84.775]],"v":[[0,-89.607],[-317.344,41.825],[-304.51,54.659],[-281.552,77.591],[-269.536,89.607],[0,-22.012],[269.536,89.607],[281.552,77.591],[304.51,54.659],[317.344,41.825]]},"ix":2}},{"ty":"fl","bm":0,"hd":false,"mn":"ADBE Vector Graphic - Fill","nm":"Fill 1","c":{"a":0,"k":[0.2235,0.2235,0.2235],"ix":4},"r":1,"o":{"a":0,"k":100,"ix":5}},{"ty":"tr","a":{"a":0,"k":[0,0],"ix":1},"s":{"a":0,"k":[100,100],"ix":3},"sk":{"a":0,"k":0,"ix":4},"p":{"a":0,"k":[500,140.777],"ix":2},"r":{"a":0,"k":0,"ix":6},"sa":{"a":0,"k":0,"ix":5},"o":{"a":0,"k":100,"ix":7}}]},{"ty":"gr","bm":0,"hd":false,"mn":"ADBE Vector Group","nm":"Group 4","ix":4,"cix":2,"np":2,"it":[{"ty":"sh","bm":0,"hd":false,"mn":"ADBE Vector Shape - Group","nm":"Path 1","ix":1,"d":1,"ks":{"a":0,"k":{"c":true,"i":[[-0.475,9.829],[-70.297,51.37],[2.704,-5.407],[-2.904,-90.044],[-0.275,-2.015],[-0.217,-1.463],[0,0],[-0.246,-1.941],[0,0],[-0.195,-1.456],[0,0],[-0.544,-3.353],[0,0],[-0.824,-3.529],[0,0],[0,0],[0.57,-0.069],[2.168,-0.215],[2.194,-0.254],[3.221,-0.1],[0.182,0],[1.246,2.898],[0,0],[1.439,5.108],[0.985,2.978],[0.433,1.657],[0.235,0.836],[0.444,1.858],[0,0],[0.528,2.469],[0.391,2.057],[0,0],[5.114,7.592]],"o":[[7.934,-81.263],[8.111,-5.408],[-54.074,78.408],[0.238,2.04],[0.203,1.467],[0,0],[0.298,2.042],[0,0],[0.232,1.847],[0,0],[0.446,3.372],[0,0],[0.573,3.638],[0,0],[0,0],[-1.436,0.137],[-0.636,0.077],[-1.204,0.12],[-5.481,0.634],[-0.19,0.007],[-5.173,0],[0,0],[-2.297,-5.29],[-0.789,-2.803],[-0.404,-1.219],[-0.248,-0.945],[-0.481,-1.699],[0,0],[-0.589,-2.417],[-0.433,-2.033],[0,0],[-4.087,-8.742],[-0.552,-10.431]],"v":[[-60.711,51.665],[36.445,-170.191],[60.778,-143.154],[-12.021,111.816],[-11.261,117.983],[-10.624,122.39],[-10.212,125.204],[-9.352,131.353],[-9.193,132.604],[-8.504,137.969],[-8.016,141.649],[-6.606,151.575],[-6.183,154.221],[-4.243,164.826],[-3.538,167.838],[-6.616,168.133],[-9.111,168.397],[-12.649,168.778],[-17.949,169.37],[-33.474,170.893],[-34.031,170.902],[-41.918,165.601],[-42.031,165.336],[-47.124,150.114],[-49.715,141.434],[-50.99,136.886],[-51.719,134.167],[-53.097,128.712],[-53.559,126.788],[-55.288,119.365],[-56.5,113.217],[-56.801,111.626],[-60.595,81.773]]},"ix":2}},{"ty":"fl","bm":0,"hd":false,"mn":"ADBE Vector Graphic - Fill","nm":"Fill 1","c":{"a":0,"k":[0.2235,0.2235,0.2235],"ix":4},"r":1,"o":{"a":0,"k":100,"ix":5}},{"ty":"tr","a":{"a":0,"k":[0,0],"ix":1},"s":{"a":0,"k":[100,100],"ix":3},"sk":{"a":0,"k":0,"ix":4},"p":{"a":0,"k":[119.425,409.23],"ix":2},"r":{"a":0,"k":0,"ix":6},"sa":{"a":0,"k":0,"ix":5},"o":{"a":0,"k":100,"ix":7}}]},{"ty":"gr","bm":0,"hd":false,"mn":"ADBE Vector Group","nm":"Group 5","ix":5,"cix":2,"np":2,"it":[{"ty":"sh","bm":0,"hd":false,"mn":"ADBE Vector Shape - Group","nm":"Path 1","ix":1,"d":1,"ks":{"a":0,"k":{"c":true,"i":[[0,0],[-2.618,-48.454],[-1.479,-13.722],[5.832,-0.527],[0.54,5.013],[-7.065,63.605],[-1.198,1.44],[-0.453,0.515],[-3.757,-5.466],[0.319,-2.005]],"o":[[-5.748,48.559],[0.745,13.787],[0.504,4.675],[-5.65,0.51],[-5.774,-63.284],[0.194,-1.749],[0.402,-0.483],[4.593,-5.225],[1.082,1.574],[0,0]],"v":[[13.582,-93.68],[8.784,51.588],[12.155,92.854],[2.787,103.129],[-8.995,95.573],[-8.714,-92.846],[-6.571,-97.718],[-5.296,-99.226],[12.279,-99.125],[13.582,-93.68]]},"ix":2}},{"ty":"fl","bm":0,"hd":false,"mn":"ADBE Vector Graphic - Fill","nm":"Fill 1","c":{"a":0,"k":[0.1569,0.9804,0.3255],"ix":4},"r":1,"o":{"a":0,"k":100,"ix":5}},{"ty":"tr","a":{"a":0,"k":[0,0],"ix":1},"s":{"a":0,"k":[100,100],"ix":3},"sk":{"a":0,"k":0,"ix":4},"p":{"a":0,"k":[131.026,491.521],"ix":2},"r":{"a":0,"k":0,"ix":6},"sa":{"a":0,"k":0,"ix":5},"o":{"a":0,"k":100,"ix":7}}]},{"ty":"gr","bm":0,"hd":false,"mn":"ADBE Vector Group","nm":"Group 6","ix":6,"cix":2,"np":2,"it":[{"ty":"sh","bm":0,"hd":false,"mn":"ADBE Vector Shape - Group","nm":"Path 1","ix":1,"d":1,"ks":{"a":0,"k":{"c":true,"i":[[0,0],[-35.148,0],[-5.408,-29.741],[-16.222,21.63],[2.041,-25.886],[0,0],[18.737,-1.384],[1.71,0.396],[0.865,6.716],[0,0],[0.69,31.158],[0,0],[0,0],[0,0],[0,0],[2.548,2.75],[0,0],[0,0],[8.309,12.22],[1.237,2.133],[1.083,2.221]],"o":[[-5.034,-41.091],[21.63,0],[0,-27.037],[13.518,-21.63],[0,0],[0.08,18.535],[-1.753,0.13],[-6.801,-1.574],[0,0],[-3.987,-30.967],[0,0],[0,0],[0,0],[0,0],[-1.162,3.518],[0,0],[0,0],[-12.852,-7.908],[-1.385,-2.036],[-1.237,-2.132],[0,0]],"v":[[-55.116,-7.242],[-16.891,-102.407],[-0.669,-24],[7.442,-99.703],[56.772,-73.817],[57.849,75.021],[24.686,108.511],[19.458,108.112],[6.713,94.331],[6.184,90.217],[-0.798,-3.034],[-10.594,-3.793],[-9.758,4.982],[-2.563,82.805],[-8.426,100.551],[-16.808,102.286],[-17.172,102.062],[-18.357,101.332],[-50.434,70.773],[-54.368,64.518],[-57.85,57.985]]},"ix":2}},{"ty":"fl","bm":0,"hd":false,"mn":"ADBE Vector Graphic - Fill","nm":"Fill 1","c":{"a":0,"k":[0.2235,0.2235,0.2235],"ix":4},"r":1,"o":{"a":0,"k":100,"ix":5}},{"ty":"tr","a":{"a":0,"k":[0,0],"ix":1},"s":{"a":0,"k":[100,100],"ix":3},"sk":{"a":0,"k":0,"ix":4},"p":{"a":0,"k":[132.206,492.854],"ix":2},"r":{"a":0,"k":0,"ix":6},"sa":{"a":0,"k":0,"ix":5},"o":{"a":0,"k":100,"ix":7}}]},{"ty":"gr","bm":0,"hd":false,"mn":"ADBE Vector Group","nm":"Group 7","ix":7,"cix":2,"np":2,"it":[{"ty":"sh","bm":0,"hd":false,"mn":"ADBE Vector Shape - Group","nm":"Path 1","ix":1,"d":1,"ks":{"a":0,"k":{"c":true,"i":[[81.758,81.579],[0.179,0.154],[114.84,0],[81.554,-81.119],[0.179,-0.179],[-0.178,-115.045],[0,0],[-75.623,75.444],[-0.205,0.179],[-106.173,0],[-75.418,-74.958],[-0.204,-0.204],[0.178,-106.352],[0,0]],"o":[[-0.179,-0.179],[-81.553,-81.119],[-114.84,0],[-0.179,0.154],[-81.758,81.579],[0,0],[-0.178,-106.352],[0.204,-0.204],[75.418,-74.958],[106.173,0],[0.205,0.179],[75.623,75.444],[0,0],[0.179,-115.045]],"v":[[305.073,-89.313],[304.51,-89.85],[0,-215.606],[-304.51,-89.85],[-305.073,-89.313],[-431.571,215.606],[-399.128,215.555],[-282.14,-66.355],[-281.552,-66.917],[0,-183.164],[281.552,-66.917],[282.14,-66.355],[399.128,215.555],[431.571,215.606]]},"ix":2}},{"ty":"fl","bm":0,"hd":false,"mn":"ADBE Vector Graphic - Fill","nm":"Fill 1","c":{"a":0,"k":[0.1569,0.9804,0.3255],"ix":4},"r":1,"o":{"a":0,"k":100,"ix":5}},{"ty":"tr","a":{"a":0,"k":[0,0],"ix":1},"s":{"a":0,"k":[100,100],"ix":3},"sk":{"a":0,"k":0,"ix":4},"p":{"a":0,"k":[500,285.286],"ix":2},"r":{"a":0,"k":0,"ix":6},"sa":{"a":0,"k":0,"ix":5},"o":{"a":0,"k":100,"ix":7}}]},{"ty":"gr","bm":0,"hd":false,"mn":"ADBE Vector Group","nm":"Group 8","ix":8,"cix":2,"np":2,"it":[{"ty":"sh","bm":0,"hd":false,"mn":"ADBE Vector Shape - Group","nm":"Path 1","ix":1,"d":1,"ks":{"a":0,"k":{"c":true,"i":[[113.727,0],[0,0],[-76.332,76.334],[-0.084,107.982],[0,0],[80.388,-80.387]],"o":[[0,0],[107.95,0],[76.306,-76.305],[0,0],[-0.09,113.755],[-80.417,80.418]],"v":[[-212.932,212.891],[-212.932,191.261],[72.84,72.889],[191.302,-212.891],[212.932,-212.875],[88.133,88.185]]},"ix":2}},{"ty":"fl","bm":0,"hd":false,"mn":"ADBE Vector Graphic - Fill","nm":"Fill 1","c":{"a":0,"k":[0.2235,0.2235,0.2235],"ix":4},"r":1,"o":{"a":0,"k":100,"ix":5}},{"ty":"tr","a":{"a":0,"k":[0,0],"ix":1},"s":{"a":0,"k":[100,100],"ix":3},"sk":{"a":0,"k":0,"ix":4},"p":{"a":0,"k":[712.94,712.798],"ix":2},"r":{"a":0,"k":0,"ix":6},"sa":{"a":0,"k":0,"ix":5},"o":{"a":0,"k":100,"ix":7}}]},{"ty":"gr","bm":0,"hd":false,"mn":"ADBE Vector Group","nm":"Group 9","ix":9,"cix":2,"np":2,"it":[{"ty":"sh","bm":0,"hd":false,"mn":"ADBE Vector Shape - Group","nm":"Path 1","ix":1,"d":1,"ks":{"a":0,"k":{"c":true,"i":[[0,0],[2.618,-48.454],[1.479,-13.722],[-5.831,-0.527],[-0.54,5.013],[7.065,63.605],[1.198,1.44],[0.453,0.515],[3.757,-5.466],[-0.319,-2.005]],"o":[[5.748,48.559],[-0.745,13.787],[-0.504,4.675],[5.65,0.51],[5.774,-63.284],[-0.194,-1.749],[-0.402,-0.483],[-4.593,-5.225],[-1.082,1.574],[0,0]],"v":[[-13.582,-93.68],[-8.784,51.588],[-12.155,92.854],[-2.787,103.129],[8.995,95.573],[8.714,-92.846],[6.571,-97.718],[5.296,-99.226],[-12.279,-99.125],[-13.582,-93.68]]},"ix":2}},{"ty":"fl","bm":0,"hd":false,"mn":"ADBE Vector Graphic - Fill","nm":"Fill 1","c":{"a":0,"k":[0.1569,0.9804,0.3255],"ix":4},"r":1,"o":{"a":0,"k":100,"ix":5}},{"ty":"tr","a":{"a":0,"k":[0,0],"ix":1},"s":{"a":0,"k":[100,100],"ix":3},"sk":{"a":0,"k":0,"ix":4},"p":{"a":0,"k":[868.974,491.521],"ix":2},"r":{"a":0,"k":0,"ix":6},"sa":{"a":0,"k":0,"ix":5},"o":{"a":0,"k":100,"ix":7}}]},{"ty":"gr","bm":0,"hd":false,"mn":"ADBE Vector Group","nm":"Group 10","ix":10,"cix":2,"np":2,"it":[{"ty":"sh","bm":0,"hd":false,"mn":"ADBE Vector Shape - Group","nm":"Path 1","ix":1,"d":1,"ks":{"a":0,"k":{"c":true,"i":[[0,0],[35.148,0],[5.408,-29.741],[16.222,21.63],[-2.041,-25.886],[0,0],[-18.737,-1.384],[-1.71,0.396],[-0.865,6.716],[0,0],[-0.69,31.158],[0,0],[0,0],[0,0],[0,0],[-2.548,2.75],[0,0],[0,0],[-8.309,12.22],[-1.237,2.133],[-1.083,2.221]],"o":[[5.034,-41.091],[-21.63,0],[0,-27.037],[-13.519,-21.63],[0,0],[-0.08,18.535],[1.753,0.13],[6.801,-1.574],[0,0],[3.987,-30.967],[0,0],[0,0],[0,0],[0,0],[1.162,3.518],[0,0],[0,0],[12.852,-7.908],[1.385,-2.036],[1.237,-2.132],[0,0]],"v":[[55.116,-7.242],[16.891,-102.407],[0.669,-24],[-7.442,-99.703],[-56.772,-73.817],[-57.849,75.021],[-24.686,108.511],[-19.458,108.112],[-6.713,94.331],[-6.184,90.217],[0.798,-3.034],[10.594,-3.793],[9.758,4.982],[2.563,82.805],[8.426,100.551],[16.808,102.286],[17.172,102.062],[18.357,101.332],[50.434,70.773],[54.368,64.518],[57.85,57.985]]},"ix":2}},{"ty":"fl","bm":0,"hd":false,"mn":"ADBE Vector Graphic - Fill","nm":"Fill 1","c":{"a":0,"k":[0.2235,0.2235,0.2235],"ix":4},"r":1,"o":{"a":0,"k":100,"ix":5}},{"ty":"tr","a":{"a":0,"k":[0,0],"ix":1},"s":{"a":0,"k":[100,100],"ix":3},"sk":{"a":0,"k":0,"ix":4},"p":{"a":0,"k":[867.794,492.854],"ix":2},"r":{"a":0,"k":0,"ix":6},"sa":{"a":0,"k":0,"ix":5},"o":{"a":0,"k":100,"ix":7}}]}],"ind":4,"parent":5},{"ty":4,"nm":"Chat box","sr":1,"st":10,"op":310,"ip":10,"hd":false,"ddd":0,"bm":0,"hasMask":false,"ao":0,"ks":{"a":{"a":0,"k":[500.01,848.67,0],"ix":1},"s":{"a":1,"k":[{"o":{"x":0.167,"y":0.167},"i":{"x":0.833,"y":0.833},"s":[70,70,100],"t":10},{"o":{"x":0.167,"y":0.167},"i":{"x":0.833,"y":0.833},"s":[70.983,70.983,100],"t":11},{"o":{"x":0.167,"y":0.167},"i":{"x":0.833,"y":0.833},"s":[73.411,73.411,100],"t":12},{"o":{"x":0.167,"y":0.167},"i":{"x":0.833,"y":0.833},"s":[76.806,76.806,100],"t":13},{"o":{"x":0.167,"y":0.167},"i":{"x":0.833,"y":0.833},"s":[80.888,80.888,100],"t":14},{"o":{"x":0.167,"y":0.167},"i":{"x":0.833,"y":0.833},"s":[85.465,85.465,100],"t":15},{"o":{"x":0.167,"y":0.167},"i":{"x":0.833,"y":0.833},"s":[90.371,90.371,100],"t":16},{"o":{"x":0.167,"y":0.167},"i":{"x":0.833,"y":0.833},"s":[95.399,95.399,100],"t":17},{"o":{"x":0.167,"y":0.167},"i":{"x":0.833,"y":0.833},"s":[100,100,100],"t":18},{"o":{"x":0.167,"y":0.167},"i":{"x":0.833,"y":0.833},"s":[102.751,102.751,100],"t":19},{"o":{"x":0.167,"y":0.167},"i":{"x":0.833,"y":0.833},"s":[104.33,104.33,100],"t":20},{"o":{"x":0.167,"y":0.167},"i":{"x":0.833,"y":0.833},"s":[104.972,104.972,100],"t":21},{"o":{"x":0.167,"y":0.167},"i":{"x":0.833,"y":0.833},"s":[104.923,104.923,100],"t":22},{"o":{"x":0.167,"y":0.167},"i":{"x":0.833,"y":0.833},"s":[104.416,104.416,100],"t":23},{"o":{"x":0.167,"y":0.167},"i":{"x":0.833,"y":0.833},"s":[103.651,103.651,100],"t":24},{"o":{"x":0.167,"y":0.167},"i":{"x":0.833,"y":0.833},"s":[102.787,102.787,100],"t":25},{"o":{"x":0.167,"y":0.167},"i":{"x":0.833,"y":0.833},"s":[101.939,101.939,100],"t":26},{"o":{"x":0.167,"y":0.167},"i":{"x":0.833,"y":0.833},"s":[101.184,101.184,100],"t":27},{"o":{"x":0.167,"y":0.167},"i":{"x":0.833,"y":0.833},"s":[100.564,100.564,100],"t":28},{"o":{"x":0.167,"y":0.167},"i":{"x":0.833,"y":0.833},"s":[100.094,100.094,100],"t":29},{"o":{"x":0.167,"y":0.167},"i":{"x":0.833,"y":0.833},"s":[99.77,99.77,100],"t":30},{"o":{"x":0.167,"y":0.167},"i":{"x":0.833,"y":0.833},"s":[99.575,99.575,100],"t":31},{"o":{"x":0.167,"y":0.167},"i":{"x":0.833,"y":0.833},"s":[99.485,99.485,100],"t":32},{"o":{"x":0.167,"y":0.167},"i":{"x":0.833,"y":0.833},"s":[99.518,99.518,100],"t":34},{"o":{"x":0.167,"y":0.167},"i":{"x":0.833,"y":0.833},"s":[99.593,99.593,100],"t":35},{"o":{"x":0.167,"y":0.167},"i":{"x":0.833,"y":0.833},"s":[99.683,99.683,100],"t":36},{"o":{"x":0.167,"y":0.167},"i":{"x":0.833,"y":0.833},"s":[99.774,99.774,100],"t":37},{"o":{"x":0.167,"y":0.167},"i":{"x":0.833,"y":0.833},"s":[99.856,99.856,100],"t":38},{"o":{"x":0.167,"y":0.167},"i":{"x":0.833,"y":0.833},"s":[99.926,99.926,100],"t":39},{"s":[100.017,100.017,100],"t":41}]},"sk":{"a":0,"k":0},"p":{"a":1,"k":[{"o":{"x":0.167,"y":0.167},"i":{"x":0.833,"y":0.833},"s":[600.01,1109.67,0],"t":12},{"o":{"x":0.167,"y":0.167},"i":{"x":0.833,"y":0.833},"s":[600.01,1104.393,0],"t":13},{"o":{"x":0.167,"y":0.167},"i":{"x":0.833,"y":0.833},"s":[600.01,1091.362,0],"t":14},{"o":{"x":0.167,"y":0.167},"i":{"x":0.833,"y":0.833},"s":[600.01,1073.139,0],"t":15},{"o":{"x":0.167,"y":0.167},"i":{"x":0.833,"y":0.833},"s":[600.01,1051.236,0],"t":16},{"o":{"x":0.167,"y":0.167},"i":{"x":0.833,"y":0.833},"s":[600.01,1026.676,0],"t":17},{"o":{"x":0.167,"y":0.167},"i":{"x":0.833,"y":0.833},"s":[600.01,1000.349,0],"t":18},{"o":{"x":0.167,"y":0.167},"i":{"x":0.833,"y":0.833},"s":[600.01,973.368,0],"t":19},{"o":{"x":0.167,"y":0.167},"i":{"x":0.833,"y":0.833},"s":[600.01,948.67,0],"t":20},{"o":{"x":0.167,"y":0.167},"i":{"x":0.833,"y":0.833},"s":[600.01,933.805,0],"t":21},{"o":{"x":0.167,"y":0.167},"i":{"x":0.833,"y":0.833},"s":[600.01,925.272,0],"t":22},{"o":{"x":0.167,"y":0.167},"i":{"x":0.833,"y":0.833},"s":[600.01,921.805,0],"t":23},{"o":{"x":0.167,"y":0.167},"i":{"x":0.833,"y":0.833},"s":[600.01,922.068,0],"t":24},{"o":{"x":0.167,"y":0.167},"i":{"x":0.833,"y":0.833},"s":[600.01,924.806,0],"t":25},{"o":{"x":0.167,"y":0.167},"i":{"x":0.833,"y":0.833},"s":[600.01,928.939,0],"t":26},{"o":{"x":0.167,"y":0.167},"i":{"x":0.833,"y":0.833},"s":[600.01,933.609,0],"t":27},{"o":{"x":0.167,"y":0.167},"i":{"x":0.833,"y":0.833},"s":[600.01,938.19,0],"t":28},{"o":{"x":0.167,"y":0.167},"i":{"x":0.833,"y":0.833},"s":[600.01,942.27,0],"t":29},{"o":{"x":0.167,"y":0.167},"i":{"x":0.833,"y":0.833},"s":[600.01,945.621,0],"t":30},{"o":{"x":0.167,"y":0.167},"i":{"x":0.833,"y":0.833},"s":[600.01,948.161,0],"t":31},{"o":{"x":0.167,"y":0.167},"i":{"x":0.833,"y":0.833},"s":[600.01,949.912,0],"t":32},{"o":{"x":0.167,"y":0.167},"i":{"x":0.833,"y":0.833},"s":[600.01,950.966,0],"t":33},{"o":{"x":0.167,"y":0.167},"i":{"x":0.833,"y":0.833},"s":[600.01,950.381,0],"t":38},{"o":{"x":0.167,"y":0.167},"i":{"x":0.833,"y":0.833},"s":[600.01,949.445,0],"t":40},{"s":[600.01,948.578,0],"t":43}]},"r":{"a":0,"k":0,"ix":10},"sa":{"a":0,"k":0},"o":{"a":1,"k":[{"o":{"x":0.167,"y":0.167},"i":{"x":0.833,"y":0.833},"s":[0],"t":10},{"s":[100],"t":18}],"ix":11}},"ef":[{"ty":5,"mn":"Pseudo/MDS Elastic Controller","nm":"Elastic Controller","ix":1,"en":1,"ef":[{"ty":0,"mn":"Pseudo/MDS Elastic Controller-0001","nm":"Amplitude","ix":1,"v":{"a":0,"k":20,"ix":1}},{"ty":0,"mn":"Pseudo/MDS Elastic Controller-0002","nm":"Frequency","ix":2,"v":{"a":0,"k":40,"ix":2}},{"ty":0,"mn":"Pseudo/MDS Elastic Controller-0003","nm":"Decay","ix":3,"v":{"a":0,"k":60,"ix":3}}]},{"ty":5,"mn":"Pseudo/MDS Elastic Controller","nm":"Elastic Controller 2","ix":2,"en":1,"ef":[{"ty":0,"mn":"Pseudo/MDS Elastic Controller-0001","nm":"Amplitude","ix":1,"v":{"a":0,"k":20,"ix":1}},{"ty":0,"mn":"Pseudo/MDS Elastic Controller-0002","nm":"Frequency","ix":2,"v":{"a":0,"k":40,"ix":2}},{"ty":0,"mn":"Pseudo/MDS Elastic Controller-0003","nm":"Decay","ix":3,"v":{"a":0,"k":60,"ix":3}}]}],"shapes":[{"ty":"gr","bm":0,"hd":false,"mn":"ADBE Vector Group","nm":"Group 11","ix":1,"cix":2,"np":2,"it":[{"ty":"sh","bm":0,"hd":false,"mn":"ADBE Vector Shape - Group","nm":"Path 1","ix":1,"d":1,"ks":{"a":0,"k":{"c":true,"i":[[0,-148.856],[87.471,-44.541],[11.142,-3.938],[0.795,-0.304],[12.421,-21.512],[0,0],[0,0],[3.7,6.417],[0,0],[24.395,8.613],[0.231,117.155],[-95.976,41.463],[-37.763,0]],"o":[[0,104.878],[-10.42,5.304],[-0.802,0.282],[-23.181,8.787],[0,0],[0,0],[-3.707,6.417],[0,0],[-12.934,-22.401],[-104.575,-36.91],[-0.224,-110.941],[32.669,-14.12],[148.856,0]],"v":[[269.527,-39.114],[122.145,201.201],[89.773,215.09],[87.388,215.964],[32.174,262.528],[10.489,300.104],[8.336,303.832],[-8.335,303.832],[-31.856,263.092],[-89.736,215.104],[-269.526,-38.565],[-106.414,-286.699],[-0.003,-308.645]]},"ix":2}},{"ty":"fl","bm":0,"hd":false,"mn":"ADBE Vector Graphic - Fill","nm":"Fill 1","c":{"a":0,"k":[0.1569,0.9804,0.3255],"ix":4},"r":1,"o":{"a":0,"k":100,"ix":5}},{"ty":"tr","a":{"a":0,"k":[0,0],"ix":1},"s":{"a":0,"k":[100,100],"ix":3},"sk":{"a":0,"k":0,"ix":4},"p":{"a":0,"k":[500.011,540.025],"ix":2},"r":{"a":0,"k":0,"ix":6},"sa":{"a":0,"k":0,"ix":5},"o":{"a":0,"k":100,"ix":7}}]}],"ind":5}],"v":"5.11.0","fr":30,"op":133,"ip":0,"assets":[{"nm":"Dot Loading","id":"comp_0","layers":[{"ty":4,"nm":"Circle 05","sr":1,"st":0,"op":41,"ip":0,"hd":false,"ddd":0,"bm":0,"hasMask":false,"ao":0,"ks":{"a":{"a":0,"k":[0,0,0],"ix":1},"s":{"a":1,"k":[{"o":{"x":0.333,"y":0},"i":{"x":0.667,"y":1},"s":[100,100,100],"t":0},{"o":{"x":0.333,"y":0},"i":{"x":0.667,"y":1},"s":[80,80,100],"t":20},{"o":{"x":0.333,"y":0},"i":{"x":0.667,"y":1},"s":[100,100,100],"t":40},{"o":{"x":0.333,"y":0},"i":{"x":0.667,"y":1},"s":[80,80,100],"t":60},{"s":[100,100,100],"t":80}],"ix":6},"sk":{"a":0,"k":0},"p":{"a":0,"k":[597.851,500.907,0],"ix":2},"r":{"a":0,"k":0,"ix":10},"sa":{"a":0,"k":0},"o":{"a":1,"k":[{"o":{"x":0.333,"y":0},"i":{"x":0.667,"y":1},"s":[100],"t":0},{"o":{"x":0.333,"y":0},"i":{"x":0.667,"y":1},"s":[20],"t":20},{"o":{"x":0.333,"y":0},"i":{"x":0.667,"y":1},"s":[100],"t":40},{"o":{"x":0.333,"y":0},"i":{"x":0.667,"y":1},"s":[20],"t":60},{"s":[100],"t":80}],"ix":11}},"ef":[],"shapes":[{"ty":"gr","bm":0,"hd":false,"mn":"ADBE Vector Group","nm":"Group 1","ix":1,"cix":2,"np":2,"it":[{"ty":"sh","bm":0,"hd":false,"mn":"ADBE Vector Shape - Group","nm":"Path 1","ix":1,"d":1,"ks":{"a":0,"k":{"c":true,"i":[[0,-19.309],[19.309,0],[0,19.309],[-19.309,0]],"o":[[0,19.309],[-19.309,0],[0,-19.309],[19.309,0]],"v":[[34.963,0],[0,34.963],[-34.963,0],[0,-34.963]]},"ix":2}},{"ty":"fl","bm":0,"hd":false,"mn":"ADBE Vector Graphic - Fill","nm":"Fill 1","c":{"a":0,"k":[1,1,1],"ix":4},"r":1,"o":{"a":0,"k":100,"ix":5}},{"ty":"tr","a":{"a":0,"k":[0,0],"ix":1},"s":{"a":0,"k":[100,100],"ix":3},"sk":{"a":0,"k":0,"ix":4},"p":{"a":0,"k":[0,0],"ix":2},"r":{"a":0,"k":0,"ix":6},"sa":{"a":0,"k":0,"ix":5},"o":{"a":0,"k":100,"ix":7}}]}],"ind":1},{"ty":4,"nm":"Circle 01","sr":1,"st":0,"op":41,"ip":0,"hd":false,"ddd":0,"bm":0,"hasMask":false,"ao":0,"ks":{"a":{"a":0,"k":[0,0,0],"ix":1},"s":{"a":1,"k":[{"o":{"x":0.333,"y":0},"i":{"x":0.667,"y":1},"s":[100,100,100],"t":-8},{"o":{"x":0.333,"y":0},"i":{"x":0.667,"y":1},"s":[80,80,100],"t":12},{"o":{"x":0.333,"y":0},"i":{"x":0.667,"y":1},"s":[100,100,100],"t":32},{"o":{"x":0.333,"y":0},"i":{"x":0.667,"y":1},"s":[80,80,100],"t":52},{"s":[100,100,100],"t":72}],"ix":6},"sk":{"a":0,"k":0},"p":{"a":0,"k":[500.011,500.907,0],"ix":2},"r":{"a":0,"k":0,"ix":10},"sa":{"a":0,"k":0},"o":{"a":1,"k":[{"o":{"x":0.333,"y":0},"i":{"x":0.667,"y":1},"s":[100],"t":-8},{"o":{"x":0.333,"y":0},"i":{"x":0.667,"y":1},"s":[20],"t":12},{"o":{"x":0.333,"y":0},"i":{"x":0.667,"y":1},"s":[100],"t":32},{"o":{"x":0.333,"y":0},"i":{"x":0.667,"y":1},"s":[20],"t":52},{"s":[100],"t":72}],"ix":11}},"ef":[],"shapes":[{"ty":"gr","bm":0,"hd":false,"mn":"ADBE Vector Group","nm":"Group 1","ix":1,"cix":2,"np":2,"it":[{"ty":"sh","bm":0,"hd":false,"mn":"ADBE Vector Shape - Group","nm":"Path 1","ix":1,"d":1,"ks":{"a":0,"k":{"c":true,"i":[[0,-19.309],[19.309,0],[0,19.309],[-19.309,0]],"o":[[0,19.309],[-19.309,0],[0,-19.309],[19.309,0]],"v":[[34.963,0],[0,34.963],[-34.963,0],[0,-34.963]]},"ix":2}},{"ty":"fl","bm":0,"hd":false,"mn":"ADBE Vector Graphic - Fill","nm":"Fill 1","c":{"a":0,"k":[1,1,1],"ix":4},"r":1,"o":{"a":0,"k":100,"ix":5}},{"ty":"tr","a":{"a":0,"k":[0,0],"ix":1},"s":{"a":0,"k":[100,100],"ix":3},"sk":{"a":0,"k":0,"ix":4},"p":{"a":0,"k":[0,0],"ix":2},"r":{"a":0,"k":0,"ix":6},"sa":{"a":0,"k":0,"ix":5},"o":{"a":0,"k":100,"ix":7}}]}],"ind":2},{"ty":4,"nm":"Circle 04","sr":1,"st":0,"op":41,"ip":0,"hd":false,"ddd":0,"bm":0,"hasMask":false,"ao":0,"ks":{"a":{"a":0,"k":[0,0,0],"ix":1},"s":{"a":1,"k":[{"o":{"x":0.333,"y":0},"i":{"x":0.667,"y":1},"s":[100,100,100],"t":-16},{"o":{"x":0.333,"y":0},"i":{"x":0.667,"y":1},"s":[80,80,100],"t":4},{"o":{"x":0.333,"y":0},"i":{"x":0.667,"y":1},"s":[100,100,100],"t":24},{"o":{"x":0.333,"y":0},"i":{"x":0.667,"y":1},"s":[80,80,100],"t":44},{"s":[100,100,100],"t":64}],"ix":6},"sk":{"a":0,"k":0},"p":{"a":0,"k":[402.17,500.907,0],"ix":2},"r":{"a":0,"k":0,"ix":10},"sa":{"a":0,"k":0},"o":{"a":1,"k":[{"o":{"x":0.333,"y":0},"i":{"x":0.667,"y":1},"s":[100],"t":-16},{"o":{"x":0.333,"y":0},"i":{"x":0.667,"y":1},"s":[20],"t":4},{"o":{"x":0.333,"y":0},"i":{"x":0.667,"y":1},"s":[100],"t":24},{"o":{"x":0.333,"y":0},"i":{"x":0.667,"y":1},"s":[20],"t":44},{"s":[100],"t":64}],"ix":11}},"ef":[],"shapes":[{"ty":"gr","bm":0,"hd":false,"mn":"ADBE Vector Group","nm":"Group 1","ix":1,"cix":2,"np":2,"it":[{"ty":"sh","bm":0,"hd":false,"mn":"ADBE Vector Shape - Group","nm":"Path 1","ix":1,"d":1,"ks":{"a":0,"k":{"c":true,"i":[[0,-19.309],[19.309,0],[0,19.309],[-19.309,0]],"o":[[0,19.309],[-19.309,0],[0,-19.309],[19.309,0]],"v":[[34.963,0],[0,34.963],[-34.963,0],[0,-34.963]]},"ix":2}},{"ty":"fl","bm":0,"hd":false,"mn":"ADBE Vector Graphic - Fill","nm":"Fill 1","c":{"a":0,"k":[1,1,1],"ix":4},"r":1,"o":{"a":0,"k":100,"ix":5}},{"ty":"tr","a":{"a":0,"k":[0,0],"ix":1},"s":{"a":0,"k":[100,100],"ix":3},"sk":{"a":0,"k":0,"ix":4},"p":{"a":0,"k":[0,0],"ix":2},"r":{"a":0,"k":0,"ix":6},"sa":{"a":0,"k":0,"ix":5},"o":{"a":0,"k":100,"ix":7}}]}],"ind":3}]}]}