{"nm":"main","ddd":0,"h":1080,"w":1080,"meta":{"g":"LottieFiles AE 0.1.20"},"layers":[{"ty":4,"nm":"line 4","sr":1,"st":-3,"op":33,"ip":22,"hd":false,"ddd":0,"bm":0,"hasMask":false,"ao":0,"ks":{"a":{"a":0,"k":[157,114,0],"ix":1},"s":{"a":0,"k":[92.683,107.456,100],"ix":6},"sk":{"a":0,"k":0},"p":{"a":0,"k":[658,525.577,0],"ix":2},"r":{"a":0,"k":0,"ix":10},"sa":{"a":0,"k":0},"o":{"a":0,"k":100,"ix":11}},"ef":[],"shapes":[{"ty":"gr","bm":0,"hd":false,"mn":"ADBE Vector Group","nm":"Shape 1","ix":1,"cix":2,"np":3,"it":[{"ty":"sh","bm":0,"hd":false,"mn":"ADBE Vector Shape - Group","nm":"Path 1","ix":1,"d":1,"ks":{"a":0,"k":{"c":false,"i":[[0,0],[0,0]],"o":[[0,0],[0,0]],"v":[[237.921,411.868],[39.513,411.681]]},"ix":2}},{"ty":"st","bm":0,"hd":false,"mn":"ADBE Vector Graphic - Stroke","nm":"Stroke 1","lc":2,"lj":1,"ml":4,"o":{"a":0,"k":100,"ix":4},"w":{"a":0,"k":27,"ix":5},"c":{"a":0,"k":[0,0.9804,0.2],"ix":3}},{"ty":"tr","a":{"a":0,"k":[0,0],"ix":1},"s":{"a":0,"k":[100,100],"ix":3},"sk":{"a":0,"k":0,"ix":4},"p":{"a":0,"k":[0,0],"ix":2},"r":{"a":0,"k":0,"ix":6},"sa":{"a":0,"k":0,"ix":5},"o":{"a":0,"k":100,"ix":7}}]},{"ty":"tm","bm":0,"hd":false,"mn":"ADBE Vector Filter - Trim","nm":"Trim Paths 1","ix":2,"e":{"a":1,"k":[{"o":{"x":0.333,"y":0},"i":{"x":0.667,"y":1},"s":[100],"t":22},{"s":[0],"t":31}],"ix":2},"o":{"a":0,"k":0,"ix":3},"s":{"a":1,"k":[{"o":{"x":0.65,"y":0},"i":{"x":0.35,"y":1},"s":[100],"t":25},{"s":[0],"t":32}],"ix":1},"m":1}],"ind":1},{"ty":4,"nm":"line 3","sr":1,"st":-3,"op":33,"ip":22,"hd":false,"ddd":0,"bm":0,"hasMask":false,"ao":0,"ks":{"a":{"a":0,"k":[157,114,0],"ix":1},"s":{"a":0,"k":[92.683,107.456,100],"ix":6},"sk":{"a":0,"k":0},"p":{"a":0,"k":[478,523.077,0],"ix":2},"r":{"a":0,"k":0,"ix":10},"sa":{"a":0,"k":0},"o":{"a":0,"k":100,"ix":11}},"ef":[],"shapes":[{"ty":"gr","bm":0,"hd":false,"mn":"ADBE Vector Group","nm":"Shape 1","ix":1,"cix":2,"np":3,"it":[{"ty":"sh","bm":0,"hd":false,"mn":"ADBE Vector Shape - Group","nm":"Path 1","ix":1,"d":1,"ks":{"a":0,"k":{"c":false,"i":[[0,0],[0,0]],"o":[[0,0],[0,0]],"v":[[234.819,414.078],[11.865,414.088]]},"ix":2}},{"ty":"st","bm":0,"hd":false,"mn":"ADBE Vector Graphic - Stroke","nm":"Stroke 1","lc":2,"lj":1,"ml":4,"o":{"a":0,"k":100,"ix":4},"w":{"a":0,"k":27,"ix":5},"c":{"a":0,"k":[0,0.9804,0.2],"ix":3}},{"ty":"tr","a":{"a":0,"k":[0,0],"ix":1},"s":{"a":0,"k":[100,100],"ix":3},"sk":{"a":0,"k":0,"ix":4},"p":{"a":0,"k":[0,0],"ix":2},"r":{"a":0,"k":0,"ix":6},"sa":{"a":0,"k":0,"ix":5},"o":{"a":0,"k":100,"ix":7}}]},{"ty":"tm","bm":0,"hd":false,"mn":"ADBE Vector Filter - Trim","nm":"Trim Paths 1","ix":2,"e":{"a":1,"k":[{"o":{"x":0.333,"y":0},"i":{"x":0.667,"y":1},"s":[0],"t":22},{"s":[100],"t":31}],"ix":2},"o":{"a":0,"k":0,"ix":3},"s":{"a":1,"k":[{"o":{"x":0.65,"y":0},"i":{"x":0.35,"y":1},"s":[0],"t":25},{"s":[100],"t":32}],"ix":1},"m":1}],"ind":2},{"ty":4,"nm":"line 2","sr":1,"st":-14,"op":25,"ip":11,"hd":false,"ddd":0,"bm":0,"hasMask":false,"ao":0,"ks":{"a":{"a":0,"k":[157,114,0],"ix":1},"s":{"a":0,"k":[100,100,100],"ix":6},"sk":{"a":0,"k":0},"p":{"a":0,"k":[475,552,0],"ix":2},"r":{"a":0,"k":0,"ix":10},"sa":{"a":0,"k":0},"o":{"a":0,"k":50,"ix":11}},"ef":[],"shapes":[{"ty":"gr","bm":0,"hd":false,"mn":"ADBE Vector Group","nm":"Shape 1","ix":1,"cix":2,"np":3,"it":[{"ty":"sh","bm":0,"hd":false,"mn":"ADBE Vector Shape - Group","nm":"Path 1","ix":1,"d":1,"ks":{"a":0,"k":{"c":false,"i":[[0,0],[0,108.233]],"o":[[0,0],[0,-78.058]],"v":[[73,249.076],[70,-339.924]]},"ix":2}},{"ty":"st","bm":0,"hd":false,"mn":"ADBE Vector Graphic - Stroke","nm":"Stroke 1","lc":2,"lj":1,"ml":4,"o":{"a":0,"k":100,"ix":4},"w":{"a":0,"k":27,"ix":5},"c":{"a":0,"k":[0,0.9804,0.2],"ix":3}},{"ty":"tr","a":{"a":0,"k":[0,0],"ix":1},"s":{"a":0,"k":[100,100],"ix":3},"sk":{"a":0,"k":0,"ix":4},"p":{"a":0,"k":[0,0],"ix":2},"r":{"a":0,"k":0,"ix":6},"sa":{"a":0,"k":0,"ix":5},"o":{"a":0,"k":100,"ix":7}}]},{"ty":"tm","bm":0,"hd":false,"mn":"ADBE Vector Filter - Trim","nm":"Trim Paths 1","ix":2,"e":{"a":1,"k":[{"o":{"x":0.167,"y":0.167},"i":{"x":0.833,"y":0.833},"s":[100],"t":11},{"s":[0],"t":23}],"ix":2},"o":{"a":0,"k":0,"ix":3},"s":{"a":1,"k":[{"o":{"x":0.167,"y":0.167},"i":{"x":0.833,"y":0.833},"s":[100],"t":14},{"s":[0],"t":24}],"ix":1},"m":1}],"ind":3},{"ty":4,"nm":"line","sr":1,"st":-12,"op":30,"ip":13,"hd":false,"ddd":0,"bm":0,"hasMask":false,"ao":0,"ks":{"a":{"a":0,"k":[157,114,0],"ix":1},"s":{"a":0,"k":[100,100,100],"ix":6},"sk":{"a":0,"k":0},"p":{"a":0,"k":[678,552,0],"ix":2},"r":{"a":0,"k":0,"ix":10},"sa":{"a":0,"k":0},"o":{"a":0,"k":30,"ix":11}},"ef":[],"shapes":[{"ty":"gr","bm":0,"hd":false,"mn":"ADBE Vector Group","nm":"Shape 1","ix":1,"cix":2,"np":3,"it":[{"ty":"sh","bm":0,"hd":false,"mn":"ADBE Vector Shape - Group","nm":"Path 1","ix":1,"d":1,"ks":{"a":0,"k":{"c":false,"i":[[0,0],[0,108.233]],"o":[[0,0],[0,-78.058]],"v":[[141,251],[139,-366]]},"ix":2}},{"ty":"st","bm":0,"hd":false,"mn":"ADBE Vector Graphic - Stroke","nm":"Stroke 1","lc":2,"lj":1,"ml":4,"o":{"a":0,"k":100,"ix":4},"w":{"a":0,"k":27,"ix":5},"c":{"a":0,"k":[0,0.9804,0.2],"ix":3}},{"ty":"tr","a":{"a":0,"k":[0,0],"ix":1},"s":{"a":0,"k":[100,100],"ix":3},"sk":{"a":0,"k":0,"ix":4},"p":{"a":0,"k":[0,0],"ix":2},"r":{"a":0,"k":0,"ix":6},"sa":{"a":0,"k":0,"ix":5},"o":{"a":0,"k":100,"ix":7}}]},{"ty":"tm","bm":0,"hd":false,"mn":"ADBE Vector Filter - Trim","nm":"Trim Paths 1","ix":2,"e":{"a":1,"k":[{"o":{"x":0.167,"y":0.167},"i":{"x":0.833,"y":0.833},"s":[100],"t":13},{"s":[0],"t":25}],"ix":2},"o":{"a":0,"k":0,"ix":3},"s":{"a":1,"k":[{"o":{"x":0.167,"y":0.167},"i":{"x":0.833,"y":0.833},"s":[100],"t":16},{"s":[0],"t":29}],"ix":1},"m":1}],"ind":4},{"ty":4,"nm":"arrow 2","sr":1,"st":0,"op":50,"ip":0,"hd":false,"ddd":0,"bm":0,"hasMask":true,"ao":0,"ks":{"a":{"a":0,"k":[10.742,112.68,0],"ix":1},"s":{"a":0,"k":[100,100,100],"ix":6},"sk":{"a":0,"k":0},"p":{"a":1,"k":[{"o":{"x":0.722,"y":0.044},"i":{"x":0.556,"y":1},"s":[548.742,114.68,0],"t":0,"ti":[0,-71.769,0],"to":[0,82.231,0]},{"s":[548.742,931.68,0],"t":33}],"ix":2},"r":{"a":0,"k":0,"ix":10},"sa":{"a":0,"k":0},"o":{"a":0,"k":100,"ix":11}},"ef":[],"masksProperties":[{"nm":"Mask 1","inv":false,"mode":"a","x":{"a":0,"k":0,"ix":4},"o":{"a":0,"k":100,"ix":3},"pt":{"a":1,"k":[{"o":{"x":0.167,"y":0.167},"i":{"x":0.833,"y":0.833},"s":[{"c":true,"i":[[0,0],[0,0],[0,0],[0,0],[0,0]],"o":[[0,0],[0,0],[0,0],[0,0],[0,0]],"v":[[-27.354,276.89],[-73.854,323.97],[129.338,301.97],[83.338,240.39],[9.111,251.004]]}],"t":0},{"o":{"x":0.167,"y":0.167},"i":{"x":0.833,"y":0.833},"s":[{"c":true,"i":[[0,0],[0,0],[0,0],[0,0],[0,0]],"o":[[0,0],[0,0],[0,0],[0,0],[0,0]],"v":[[-35.854,271.39],[-73.854,323.97],[129.338,301.97],[83.338,240.39],[9.111,251.004]]}],"t":1},{"o":{"x":0.167,"y":0.167},"i":{"x":0.833,"y":0.833},"s":[{"c":true,"i":[[0,0],[0,0],[0,0],[0,0],[0,0]],"o":[[0,0],[0,0],[0,0],[0,0],[0,0]],"v":[[-35.854,271.39],[-80.354,320.97],[129.338,301.97],[83.338,240.39],[9.111,251.004]]}],"t":2},{"o":{"x":0.167,"y":0.167},"i":{"x":0.833,"y":0.833},"s":[{"c":true,"i":[[0,0],[0,0],[0,0],[0,0],[0,0]],"o":[[0,0],[0,0],[0,0],[0,0],[0,0]],"v":[[-35.854,271.39],[-80.354,320.97],[129.338,301.97],[90.838,233.39],[13.611,248.504]]}],"t":3},{"o":{"x":0.167,"y":0.167},"i":{"x":0.833,"y":0.833},"s":[{"c":true,"i":[[0,0],[0,0],[0,0],[0,0],[0,0]],"o":[[0,0],[0,0],[0,0],[0,0],[0,0]],"v":[[-39.854,265.39],[-80.354,320.97],[129.338,301.97],[93.338,226.39],[10.611,235.504]]}],"t":5},{"o":{"x":0.167,"y":0.167},"i":{"x":0.833,"y":0.833},"s":[{"c":true,"i":[[0,0],[0,0],[0,0],[0,0],[0,0]],"o":[[0,0],[0,0],[0,0],[0,0],[0,0]],"v":[[-42.854,253.39],[-80.354,320.97],[129.338,301.97],[94.338,222.89],[10.611,227.004]]}],"t":6},{"o":{"x":0.167,"y":0.167},"i":{"x":0.833,"y":0.833},"s":[{"c":true,"i":[[0,0],[0,0],[0,0],[0,0],[0,0]],"o":[[0,0],[0,0],[0,0],[0,0],[0,0]],"v":[[-42.854,253.39],[-80.354,320.97],[129.338,301.97],[97.838,212.89],[13.611,218.004]]}],"t":7},{"o":{"x":0.167,"y":0.167},"i":{"x":0.833,"y":0.833},"s":[{"c":true,"i":[[0,0],[0,0],[0,0],[0,0],[0,0]],"o":[[0,0],[0,0],[0,0],[0,0],[0,0]],"v":[[-45.854,245.39],[-80.354,320.97],[129.338,301.97],[104.838,200.39],[8.111,205.004]]}],"t":8},{"o":{"x":0.167,"y":0.167},"i":{"x":0.833,"y":0.833},"s":[{"c":true,"i":[[0,0],[0,0],[0,0],[0,0],[0,0]],"o":[[0,0],[0,0],[0,0],[0,0],[0,0]],"v":[[-30.854,212.89],[-80.354,320.97],[129.338,301.97],[107.838,188.89],[9.611,189.504]]}],"t":9},{"o":{"x":0.167,"y":0.167},"i":{"x":0.833,"y":0.833},"s":[{"c":true,"i":[[0,0],[0,0],[0,0],[0,0],[0,0]],"o":[[0,0],[0,0],[0,0],[0,0],[0,0]],"v":[[-33.354,198.89],[-127.854,281.47],[129.338,301.97],[103.338,171.89],[8.611,179.004]]}],"t":10},{"o":{"x":0.167,"y":0.167},"i":{"x":0.833,"y":0.833},"s":[{"c":true,"i":[[0,0],[0,0],[0,0],[0,0],[0,0]],"o":[[0,0],[0,0],[0,0],[0,0],[0,0]],"v":[[-39.354,187.39],[-127.854,281.47],[129.338,301.97],[104.338,157.39],[13.111,160.504]]}],"t":11},{"o":{"x":0.167,"y":0.167},"i":{"x":0.833,"y":0.833},"s":[{"c":true,"i":[[0,0],[0,0],[0,0],[0,0],[0,0]],"o":[[0,0],[0,0],[0,0],[0,0],[0,0]],"v":[[-44.854,178.89],[-143.354,276.97],[129.338,301.97],[105.838,139.89],[12.111,138.004]]}],"t":12},{"o":{"x":0.167,"y":0.167},"i":{"x":0.833,"y":0.833},"s":[{"c":true,"i":[[0,0],[0,0],[0,0],[0,0],[0,0]],"o":[[0,0],[0,0],[0,0],[0,0],[0,0]],"v":[[-52.854,156.89],[-143.354,276.97],[129.338,301.97],[99.838,109.89],[9.611,115.504]]}],"t":13},{"o":{"x":0.167,"y":0.167},"i":{"x":0.833,"y":0.833},"s":[{"c":true,"i":[[0,0],[0,0],[0,0],[0,0],[0,0]],"o":[[0,0],[0,0],[0,0],[0,0],[0,0]],"v":[[-60.854,152.39],[-143.354,276.97],[129.338,301.97],[95.338,86.39],[5.111,91.504]]}],"t":14},{"o":{"x":0.167,"y":0.167},"i":{"x":0.833,"y":0.833},"s":[{"c":true,"i":[[0,0],[0,0],[0,0],[0,0],[0,0]],"o":[[0,0],[0,0],[0,0],[0,0],[0,0]],"v":[[-72.854,130.39],[-108.854,283.97],[129.338,301.97],[105.338,54.39],[10.11,60.504]]}],"t":15},{"o":{"x":0.167,"y":0.167},"i":{"x":0.833,"y":0.833},"s":[{"c":true,"i":[[0,0],[0,0],[0,0],[0,0],[0,0]],"o":[[0,0],[0,0],[0,0],[0,0],[0,0]],"v":[[-48.525,55.29],[-104.987,300.67],[132.938,290.27],[78.905,19.49],[44.11,29.265]]}],"t":16},{"o":{"x":0.167,"y":0.167},"i":{"x":0.833,"y":0.833},"s":[{"c":true,"i":[[0,0],[0,0],[0,0],[0,0],[0,0]],"o":[[0,0],[0,0],[0,0],[0,0],[0,0]],"v":[[-52.195,34.19],[-89.121,278.37],[147.538,289.57],[33.473,-25.41],[10.081,-9.136]]}],"t":17},{"o":{"x":0.167,"y":0.167},"i":{"x":0.833,"y":0.833},"s":[{"c":true,"i":[[0,0],[0,0],[0,0],[0,0],[0,0]],"o":[[0,0],[0,0],[0,0],[0,0],[0,0]],"v":[[-61.366,-106.41],[-103.254,287.07],[106.638,287.37],[82.54,-120.81],[43.246,-116.878]]}],"t":18},{"o":{"x":0.167,"y":0.167},"i":{"x":0.833,"y":0.833},"s":[{"c":true,"i":[[0,0],[0,0],[0,0],[0,0],[0,0]],"o":[[0,0],[0,0],[0,0],[0,0],[0,0]],"v":[[-61.708,-153.61],[-104.854,403.47],[140.838,402.97],[82.675,-177.61],[43.251,-171.057]]}],"t":20},{"o":{"x":0.167,"y":0.167},"i":{"x":0.833,"y":0.833},"s":[{"c":true,"i":[[0,0],[0,0],[0,0],[0,0],[0,0]],"o":[[0,0],[0,0],[0,0],[0,0],[0,0]],"v":[[-61.708,-153.61],[-108.854,284.47],[136.838,283.97],[82.675,-177.61],[43.251,-171.057]]}],"t":22},{"o":{"x":0.167,"y":0.167},"i":{"x":0.833,"y":0.833},"s":[{"c":true,"i":[[0,0],[0,0],[0,0],[0,0],[0,0]],"o":[[0,0],[0,0],[0,0],[0,0],[0,0]],"v":[[-61.708,-153.61],[-97.854,227.47],[144.838,227.97],[82.675,-177.61],[43.251,-171.057]]}],"t":23},{"o":{"x":0.167,"y":0.167},"i":{"x":0.833,"y":0.833},"s":[{"c":true,"i":[[0,0],[0,0],[0,0],[0,0],[0,0]],"o":[[0,0],[0,0],[0,0],[0,0],[0,0]],"v":[[-61.708,-153.61],[-91.854,177.47],[147.838,176.97],[82.675,-177.61],[43.251,-171.057]]}],"t":24},{"o":{"x":0.167,"y":0.167},"i":{"x":0.833,"y":0.833},"s":[{"c":true,"i":[[0,0],[0,0],[0,0],[0,0],[0,0]],"o":[[0,0],[0,0],[0,0],[0,0],[0,0]],"v":[[-61.708,-153.61],[-90.854,134.47],[140.838,134.97],[82.675,-177.61],[43.251,-171.057]]}],"t":25},{"o":{"x":0.167,"y":0.167},"i":{"x":0.833,"y":0.833},"s":[{"c":true,"i":[[0,0],[0,0],[0,0],[0,0],[0,0]],"o":[[0,0],[0,0],[0,0],[0,0],[0,0]],"v":[[-61.708,-153.61],[-96.854,100.47],[140.838,99.97],[82.675,-177.61],[43.251,-171.057]]}],"t":26},{"o":{"x":0.167,"y":0.167},"i":{"x":0.833,"y":0.833},"s":[{"c":true,"i":[[0,0],[0,0],[0,0],[0,0],[0,0]],"o":[[0,0],[0,0],[0,0],[0,0],[0,0]],"v":[[-61.708,-153.61],[-96.854,72.47],[133.838,72.97],[82.675,-177.61],[43.251,-171.057]]}],"t":27},{"o":{"x":0.167,"y":0.167},"i":{"x":0.833,"y":0.833},"s":[{"c":true,"i":[[0,0],[0,0],[0,0],[0,0],[0,0]],"o":[[0,0],[0,0],[0,0],[0,0],[0,0]],"v":[[-61.708,-153.61],[-93.854,51.47],[129.838,51.97],[82.675,-177.61],[43.251,-171.057]]}],"t":28},{"o":{"x":0.167,"y":0.167},"i":{"x":0.833,"y":0.833},"s":[{"c":true,"i":[[0,0],[0,0],[0,0],[0,0],[0,0]],"o":[[0,0],[0,0],[0,0],[0,0],[0,0]],"v":[[-61.708,-153.61],[-90.854,35.47],[111.838,35.97],[82.675,-177.61],[43.251,-171.057]]}],"t":29},{"o":{"x":0.167,"y":0.167},"i":{"x":0.833,"y":0.833},"s":[{"c":true,"i":[[0,0],[0,0],[0,0],[0,0],[0,0]],"o":[[0,0],[0,0],[0,0],[0,0],[0,0]],"v":[[-61.708,-153.61],[-79.854,24.47],[104.838,24.97],[82.675,-177.61],[43.251,-171.057]]}],"t":30},{"o":{"x":0.167,"y":0.167},"i":{"x":0.833,"y":0.833},"s":[{"c":true,"i":[[0,0],[0,0],[0,0],[0,0],[0,0]],"o":[[0,0],[0,0],[0,0],[0,0],[0,0]],"v":[[-61.708,-153.61],[-71.854,17.47],[102.838,16.97],[82.675,-177.61],[43.251,-171.057]]}],"t":31},{"s":[{"c":true,"i":[[0,0],[0,0],[0,0],[0,0],[0,0]],"o":[[0,0],[0,0],[0,0],[0,0],[0,0]],"v":[[-61.708,-153.61],[-68.854,13.47],[95.838,13.47],[82.675,-177.61],[43.251,-171.057]]}],"t":32}],"ix":1}}],"shapes":[{"ty":"gr","bm":0,"hd":false,"mn":"ADBE Vector Group","nm":"Group 1","ix":1,"cix":2,"np":2,"it":[{"ty":"sh","bm":0,"hd":false,"mn":"ADBE Vector Shape - Group","nm":"Path 1","ix":1,"d":1,"ks":{"a":1,"k":[{"o":{"x":0.167,"y":0.167},"i":{"x":0.833,"y":0.833},"s":[{"c":false,"i":[[0,0],[0,0]],"o":[[0,0],[-4.091,-3.952]],"v":[[10.702,260.97],[-60.854,189.413]]}],"t":20},{"s":[{"c":false,"i":[[0,0],[0,0]],"o":[[0,0],[-4.091,-3.952]],"v":[[10.702,260.97],[-60.854,189.413]]}],"t":33}],"ix":2}},{"ty":"st","bm":0,"hd":false,"mn":"ADBE Vector Graphic - Stroke","nm":"Stroke 1","lc":2,"lj":2,"ml":1,"o":{"a":0,"k":100,"ix":4},"w":{"a":0,"k":27,"ix":5},"c":{"a":0,"k":[0,0.9804,0.2],"ix":3}},{"ty":"tr","a":{"a":0,"k":[0,0],"ix":1},"s":{"a":0,"k":[100,100],"ix":3},"sk":{"a":0,"k":0,"ix":4},"p":{"a":0,"k":[0,0],"ix":2},"r":{"a":0,"k":0,"ix":6},"sa":{"a":0,"k":0,"ix":5},"o":{"a":0,"k":100,"ix":7}}]},{"ty":"gr","bm":0,"hd":false,"mn":"ADBE Vector Group","nm":"Group 2","ix":2,"cix":2,"np":2,"it":[{"ty":"sh","bm":0,"hd":false,"mn":"ADBE Vector Shape - Group","nm":"Path 1","ix":1,"d":1,"ks":{"a":1,"k":[{"o":{"x":0.167,"y":0.167},"i":{"x":0.833,"y":0.833},"s":[{"c":false,"i":[[4.091,-3.952],[0,0],[0,0]],"o":[[0,0],[0,0],[0,-5.83]],"v":[[82.338,189.184],[10.781,260.74],[10.781,-35.61]]}],"t":20},{"s":[{"c":false,"i":[[4.091,-3.952],[0,0],[0,0]],"o":[[0,0],[0,0],[0,-5.83]],"v":[[82.338,189.184],[10.781,260.74],[10.562,262.39]]}],"t":33}],"ix":2}},{"ty":"st","bm":0,"hd":false,"mn":"ADBE Vector Graphic - Stroke","nm":"Stroke 1","lc":2,"lj":2,"ml":1,"o":{"a":0,"k":100,"ix":4},"w":{"a":0,"k":27,"ix":5},"c":{"a":0,"k":[0,0.9804,0.2],"ix":3}},{"ty":"tr","a":{"a":0,"k":[0,0],"ix":1},"s":{"a":0,"k":[100,100],"ix":3},"sk":{"a":0,"k":0,"ix":4},"p":{"a":0,"k":[0,0],"ix":2},"r":{"a":0,"k":0,"ix":6},"sa":{"a":0,"k":0,"ix":5},"o":{"a":0,"k":100,"ix":7}}]}],"ind":5},{"ty":4,"nm":"cloud 2","sr":1,"st":0,"op":50,"ip":0,"hd":false,"ddd":0,"bm":0,"hasMask":false,"ao":0,"ks":{"a":{"a":0,"k":[0.328,-62.076,0],"ix":1},"s":{"a":0,"k":[100,100,100],"ix":6},"sk":{"a":0,"k":0},"p":{"a":1,"k":[{"o":{"x":0.167,"y":0.167},"i":{"x":0.833,"y":0.833},"s":[538.328,417.924,0],"t":18,"ti":[0,0,0],"to":[0,0,0]},{"s":[538.328,417.924,0],"t":33}],"ix":2},"r":{"a":0,"k":0,"ix":10},"sa":{"a":0,"k":0},"o":{"a":0,"k":20,"ix":11}},"ef":[],"shapes":[{"ty":"gr","bm":0,"hd":false,"mn":"ADBE Vector Group","nm":"Group 1","ix":1,"cix":2,"np":2,"it":[{"ty":"sh","bm":0,"hd":false,"mn":"ADBE Vector Shape - Group","nm":"Path 1","ix":1,"d":1,"ks":{"a":1,"k":[{"o":{"x":0.167,"y":0},"i":{"x":0.35,"y":1},"s":[{"c":false,"i":[[5.83,0],[0,0],[-0.207,34.982],[-31.045,4.458],[0.484,5.614],[0,3.494],[-58.381,-0.075],[-12.79,-5.301],[-2.684,4.511],[-75.272,-44.53],[0.042,-56.019],[0.285,-3.399],[-5.661,-0.669],[5.012,-40.505],[37.238,-0.088],[0,0]],"o":[[0,0],[-34.982,-0.208],[0.186,-31.363],[5.585,-0.751],[-0.285,-3.399],[0.075,-58.381],[13.844,0.017],[4.847,2.014],[44.531,-75.273],[48.213,28.523],[0,3.494],[-0.49,5.68],[40.505,5.012],[-4.573,36.955],[-3.175,0.004],[-5.83,0]],"v":[[-68.701,101.815],[-232.033,101.633],[-294.999,37.915],[-240.659,-24.409],[-231.548,-35.779],[-232.033,-46.167],[-126.189,-151.74],[-85.848,-143.683],[-72.726,-148.033],[144.197,-203.696],[221.924,-67.281],[221.544,-56.999],[230.824,-45.607],[295.089,36.808],[221.924,101.633],[96.72,101.343]]}],"t":0},{"o":{"x":0.65,"y":0},"i":{"x":0.35,"y":1},"s":[{"c":false,"i":[[5.83,0],[0,0],[-0.207,34.982],[-31.045,4.458],[0.484,5.614],[0,3.494],[-58.381,-0.075],[-12.79,-5.301],[-2.684,4.511],[-75.272,-44.53],[0.042,-56.019],[0.285,-3.399],[-5.661,-0.669],[5.012,-40.505],[37.238,-0.088],[0,0]],"o":[[0,0],[-34.982,-0.208],[0.186,-31.363],[5.585,-0.751],[-0.285,-3.399],[0.075,-58.381],[13.844,0.017],[4.847,2.014],[44.531,-75.273],[48.213,28.523],[0,3.494],[-0.49,5.68],[40.505,5.012],[-4.573,36.955],[-3.175,0.004],[-5.83,0]],"v":[[0.299,101.63],[-232.033,101.633],[-294.999,37.915],[-240.659,-24.409],[-231.548,-35.779],[-232.033,-46.167],[-126.189,-151.74],[-85.848,-143.683],[-72.726,-148.033],[144.197,-203.696],[221.924,-67.281],[221.544,-56.999],[230.824,-45.607],[295.089,36.808],[221.924,101.633],[0.72,101.186]]}],"t":18},{"o":{"x":0.65,"y":0},"i":{"x":0.35,"y":1},"s":[{"c":false,"i":[[-64.299,-33.63],[65.033,37.367],[-0.207,34.983],[-31.045,4.458],[0.484,5.614],[0,3.494],[-90.311,8.24],[-12.79,-5.301],[-2.684,4.511],[-75.272,-44.53],[0.042,-56.019],[0.285,-3.399],[-5.661,-0.669],[5.012,-40.505],[52.353,-32.773],[0,0]],"o":[[0,0],[-51.618,-29.659],[0.186,-31.363],[5.585,-0.751],[-0.285,-3.399],[0.075,-58.381],[13.787,-1.258],[4.847,2.014],[44.531,-75.273],[48.213,28.523],[0,3.494],[-0.49,5.68],[40.505,5.012],[-4.573,36.955],[-38.924,24.367],[-5.83,0]],"v":[[-101.981,222.63],[-225.313,172.133],[-295.279,72.915],[-240.938,10.591],[-231.827,-0.779],[-232.313,-11.167],[-126.189,-151.74],[-85.848,-143.683],[-72.726,-148.033],[144.197,-203.696],[221.645,-32.281],[221.265,-21.999],[230.544,-10.607],[294.81,71.808],[212.645,167.633],[119.441,214.186]]}],"t":23},{"o":{"x":0.65,"y":0},"i":{"x":0.35,"y":1},"s":[{"c":false,"i":[[5.83,0],[46.967,-0.451],[-0.207,34.982],[-31.045,4.458],[0.484,5.614],[0,3.494],[-58.381,-0.075],[-12.79,-5.301],[-2.684,4.511],[-75.272,-44.53],[0.042,-56.019],[0.285,-3.4],[-5.661,-0.669],[5.012,-40.505],[43.924,-4.451],[0,0]],"o":[[0,0],[-46.967,0.451],[0.186,-31.363],[5.585,-0.751],[-0.285,-3.399],[0.075,-58.381],[13.844,0.017],[4.847,2.014],[44.531,-75.273],[48.213,28.523],[0,3.494],[-0.49,5.68],[40.505,5.012],[-4.573,36.955],[-43.924,4.451],[-5.83,0]],"v":[[-71.201,76.315],[-232.033,101.633],[-294.999,37.915],[-240.659,-24.409],[-231.548,-35.779],[-232.033,-46.167],[-126.189,-151.74],[-85.848,-143.683],[-72.726,-148.033],[144.197,-203.696],[221.924,-67.281],[221.544,-56.999],[230.824,-45.607],[295.089,36.808],[221.924,101.633],[95.72,76.843]]}],"t":28},{"s":[{"c":false,"i":[[5.83,0],[0,0],[-0.207,34.982],[-31.045,4.458],[0.484,5.614],[0,3.494],[-58.381,-0.075],[-12.79,-5.301],[-2.684,4.511],[-75.272,-44.53],[0.042,-56.019],[0.285,-3.399],[-5.661,-0.669],[5.012,-40.505],[37.238,-0.088],[0,0]],"o":[[0,0],[-34.982,-0.208],[0.186,-31.363],[5.585,-0.751],[-0.285,-3.399],[0.075,-58.381],[13.844,0.017],[4.847,2.014],[44.531,-75.273],[48.213,28.523],[0,3.494],[-0.49,5.68],[40.505,5.012],[-4.573,36.955],[-3.175,0.004],[-5.83,0]],"v":[[-68.701,101.815],[-232.033,101.633],[-294.999,37.915],[-240.659,-24.409],[-231.548,-35.779],[-232.033,-46.167],[-126.189,-151.74],[-85.848,-143.683],[-72.726,-148.033],[144.197,-203.696],[221.924,-67.281],[221.544,-56.999],[230.824,-45.607],[295.089,36.808],[221.924,101.633],[96.72,101.343]]}],"t":33}],"ix":2}},{"ty":"st","bm":0,"hd":false,"mn":"ADBE Vector Graphic - Stroke","nm":"Stroke 1","lc":2,"lj":2,"ml":1,"o":{"a":0,"k":100,"ix":4},"w":{"a":0,"k":27,"ix":5},"c":{"a":0,"k":[0,0.9804,0.2],"ix":3}},{"ty":"tr","a":{"a":0,"k":[0,0],"ix":1},"s":{"a":0,"k":[100,100],"ix":3},"sk":{"a":0,"k":0,"ix":4},"p":{"a":0,"k":[0,0],"ix":2},"r":{"a":0,"k":0,"ix":6},"sa":{"a":0,"k":0,"ix":5},"o":{"a":0,"k":100,"ix":7}}]}],"ind":6},{"ty":4,"nm":"cloud","sr":1,"st":0,"op":50,"ip":0,"hd":false,"ddd":0,"bm":0,"hasMask":false,"ao":0,"ks":{"a":{"a":0,"k":[0.328,-62.076,0],"ix":1},"s":{"a":0,"k":[100,100,100],"ix":6},"sk":{"a":0,"k":0},"p":{"a":1,"k":[{"o":{"x":0.65,"y":0},"i":{"x":0.35,"y":1},"s":[538.328,417.924,0],"t":18,"ti":[0,0,0],"to":[0,4.333,0]},{"o":{"x":0.65,"y":0},"i":{"x":0.35,"y":1},"s":[538.328,443.924,0],"t":23,"ti":[0,4.333,0],"to":[0,0,0]},{"s":[538.328,417.924,0],"t":33}],"ix":2},"r":{"a":0,"k":0,"ix":10},"sa":{"a":0,"k":0},"o":{"a":0,"k":100,"ix":11}},"ef":[],"shapes":[{"ty":"gr","bm":0,"hd":false,"mn":"ADBE Vector Group","nm":"Group 1","ix":1,"cix":2,"np":2,"it":[{"ty":"sh","bm":0,"hd":false,"mn":"ADBE Vector Shape - Group","nm":"Path 1","ix":1,"d":1,"ks":{"a":1,"k":[{"o":{"x":0.167,"y":0},"i":{"x":0.35,"y":1},"s":[{"c":false,"i":[[5.83,0],[0,0],[-0.207,34.982],[-31.045,4.458],[0.484,5.614],[0,3.494],[-58.381,-0.075],[-12.79,-5.301],[-2.684,4.511],[-75.272,-44.53],[0.042,-56.019],[0.285,-3.399],[-5.661,-0.669],[5.012,-40.505],[37.238,-0.088],[0,0]],"o":[[0,0],[-34.982,-0.208],[0.186,-31.363],[5.585,-0.751],[-0.285,-3.399],[0.075,-58.381],[13.844,0.017],[4.847,2.014],[44.531,-75.273],[48.213,28.523],[0,3.494],[-0.49,5.68],[40.505,5.012],[-4.573,36.955],[-3.175,0.004],[-5.83,0]],"v":[[-68.701,101.815],[-232.033,101.633],[-294.999,37.915],[-240.659,-24.409],[-231.548,-35.779],[-232.033,-46.167],[-126.189,-151.74],[-85.848,-143.683],[-72.726,-148.033],[144.197,-203.696],[221.924,-67.281],[221.544,-56.999],[230.824,-45.607],[295.089,36.808],[221.924,101.633],[96.72,101.343]]}],"t":0},{"o":{"x":0.65,"y":0},"i":{"x":0.35,"y":1},"s":[{"c":false,"i":[[5.83,0],[0,0],[-0.207,34.982],[-31.045,4.458],[0.484,5.614],[0,3.494],[-58.381,-0.075],[-12.79,-5.301],[-2.684,4.511],[-75.272,-44.53],[0.042,-56.019],[0.285,-3.399],[-5.661,-0.669],[5.012,-40.505],[37.238,-0.088],[0,0]],"o":[[0,0],[-34.982,-0.208],[0.186,-31.363],[5.585,-0.751],[-0.285,-3.399],[0.075,-58.381],[13.844,0.017],[4.847,2.014],[44.531,-75.273],[48.213,28.523],[0,3.494],[-0.49,5.68],[40.505,5.012],[-4.573,36.955],[-3.175,0.004],[-5.83,0]],"v":[[0.299,101.63],[-232.033,101.633],[-294.999,37.915],[-240.659,-24.409],[-231.548,-35.779],[-232.033,-46.167],[-126.189,-151.74],[-85.848,-143.683],[-72.726,-148.033],[144.197,-203.696],[221.924,-67.281],[221.544,-56.999],[230.824,-45.607],[295.089,36.808],[221.924,101.633],[0.72,101.186]]}],"t":18},{"o":{"x":0.65,"y":0},"i":{"x":0.35,"y":1},"s":[{"c":false,"i":[[-64.299,-33.63],[65.033,37.367],[-0.207,34.983],[-31.045,4.458],[0.484,5.614],[0,3.494],[-90.311,8.24],[-12.79,-5.301],[-2.684,4.511],[-75.272,-44.53],[0.042,-56.019],[0.285,-3.399],[-5.661,-0.669],[5.012,-40.505],[52.353,-32.773],[0,0]],"o":[[0,0],[-51.618,-29.659],[0.186,-31.363],[5.585,-0.751],[-0.285,-3.399],[0.075,-58.381],[13.787,-1.258],[4.847,2.014],[44.531,-75.273],[48.213,28.523],[0,3.494],[-0.49,5.68],[40.505,5.012],[-4.573,36.955],[-38.924,24.367],[-5.83,0]],"v":[[-101.981,222.63],[-225.313,172.133],[-295.279,72.915],[-240.938,10.591],[-231.827,-0.779],[-232.313,-11.167],[-126.189,-151.74],[-85.848,-143.683],[-72.726,-148.033],[144.197,-203.696],[221.645,-32.281],[221.265,-21.999],[230.544,-10.607],[294.81,71.808],[212.645,167.633],[119.441,214.186]]}],"t":23},{"o":{"x":0.65,"y":0},"i":{"x":0.35,"y":1},"s":[{"c":false,"i":[[5.83,0],[46.967,-0.451],[-0.207,34.982],[-31.045,4.458],[0.484,5.614],[0,3.494],[-58.381,-0.075],[-12.79,-5.301],[-2.684,4.511],[-75.272,-44.53],[0.042,-56.019],[0.285,-3.4],[-5.661,-0.669],[5.012,-40.505],[43.924,-4.451],[0,0]],"o":[[0,0],[-46.967,0.451],[0.186,-31.363],[5.585,-0.751],[-0.285,-3.399],[0.075,-58.381],[13.844,0.017],[4.847,2.014],[44.531,-75.273],[48.213,28.523],[0,3.494],[-0.49,5.68],[40.505,5.012],[-4.573,36.955],[-43.924,4.451],[-5.83,0]],"v":[[-71.201,76.315],[-232.033,101.633],[-294.999,37.915],[-240.659,-24.409],[-231.548,-35.779],[-232.033,-46.167],[-126.189,-151.74],[-85.848,-143.683],[-72.726,-148.033],[144.197,-203.696],[221.924,-67.281],[221.544,-56.999],[230.824,-45.607],[295.089,36.808],[221.924,101.633],[95.72,76.843]]}],"t":28},{"s":[{"c":false,"i":[[5.83,0],[0,0],[-0.207,34.982],[-31.045,4.458],[0.484,5.614],[0,3.494],[-58.381,-0.075],[-12.79,-5.301],[-2.684,4.511],[-75.272,-44.53],[0.042,-56.019],[0.285,-3.399],[-5.661,-0.669],[5.012,-40.505],[37.238,-0.088],[0,0]],"o":[[0,0],[-34.982,-0.208],[0.186,-31.363],[5.585,-0.751],[-0.285,-3.399],[0.075,-58.381],[13.844,0.017],[4.847,2.014],[44.531,-75.273],[48.213,28.523],[0,3.494],[-0.49,5.68],[40.505,5.012],[-4.573,36.955],[-3.175,0.004],[-5.83,0]],"v":[[-68.701,101.815],[-232.033,101.633],[-294.999,37.915],[-240.659,-24.409],[-231.548,-35.779],[-232.033,-46.167],[-126.189,-151.74],[-85.848,-143.683],[-72.726,-148.033],[144.197,-203.696],[221.924,-67.281],[221.544,-56.999],[230.824,-45.607],[295.089,36.808],[221.924,101.633],[96.72,101.343]]}],"t":33}],"ix":2}},{"ty":"st","bm":0,"hd":false,"mn":"ADBE Vector Graphic - Stroke","nm":"Stroke 1","lc":2,"lj":2,"ml":1,"o":{"a":0,"k":100,"ix":4},"w":{"a":0,"k":27,"ix":5},"c":{"a":0,"k":[0,0.9804,0.2],"ix":3}},{"ty":"tr","a":{"a":0,"k":[0,0],"ix":1},"s":{"a":0,"k":[100,100],"ix":3},"sk":{"a":0,"k":0,"ix":4},"p":{"a":0,"k":[0,0],"ix":2},"r":{"a":0,"k":0,"ix":6},"sa":{"a":0,"k":0,"ix":5},"o":{"a":0,"k":100,"ix":7}}]}],"ind":7},{"ty":1,"nm":"bg","sr":1,"st":0,"op":50,"ip":0,"hd":false,"ddd":0,"bm":0,"hasMask":false,"ao":0,"ks":{"a":{"a":0,"k":[540,540,0],"ix":1},"s":{"a":0,"k":[100,100,100],"ix":6},"sk":{"a":0,"k":0},"p":{"a":0,"k":[540,540,0],"ix":2},"r":{"a":0,"k":0,"ix":10},"sa":{"a":0,"k":0},"o":{"a":0,"k":100,"ix":11}},"ef":[],"sc":"#ffffff","sh":1080,"sw":1080,"ind":8}],"v":"5.5.7","fr":25,"op":36,"ip":0,"assets":[]}