{"v":"5.5.7","meta":{"g":"LottieFiles AE 0.1.20","a":"","k":"","d":"","tc":"none"},"fr":20,"ip":0,"op":40,"w":500,"h":500,"nm":"location GIF","ddd":0,"assets":[],"layers":[{"ddd":0,"ind":1,"ty":4,"nm":"Layer 2 Outlines","sr":1,"ks":{"o":{"a":0,"k":100,"ix":11},"r":{"a":0,"k":0,"ix":10},"p":{"a":0,"k":[250,239.97,0],"ix":2},"a":{"a":0,"k":[120.63,157.921,0],"ix":1},"s":{"a":0,"k":[100,100,100],"ix":6}},"ao":0,"shapes":[{"ty":"gr","it":[{"ind":0,"ty":"sh","ix":1,"ks":{"a":0,"k":{"i":[[0,-31.59],[31.59,0],[0,31.59],[-31.59,0]],"o":[[0,31.59],[-31.59,0],[0,-31.59],[31.59,0]],"v":[[57.29,0],[0,57.29],[-57.29,0],[0,-57.29]],"c":true},"ix":2},"nm":"Path 1","mn":"ADBE Vector Shape - Group","hd":false},{"ty":"fl","c":{"a":0,"k":[1,1,1,1],"ix":4},"o":{"a":0,"k":100,"ix":5},"r":1,"bm":0,"nm":"Fill 1","mn":"ADBE Vector Graphic - Fill","hd":false},{"ty":"tr","p":{"a":0,"k":[120.63,116.09],"ix":2},"a":{"a":0,"k":[0,0],"ix":1},"s":{"a":0,"k":[100,100],"ix":3},"r":{"a":0,"k":0,"ix":6},"o":{"a":0,"k":100,"ix":7},"sk":{"a":0,"k":0,"ix":4},"sa":{"a":0,"k":0,"ix":5},"nm":"Transform"}],"nm":"Group 1","np":2,"cix":2,"bm":0,"ix":1,"mn":"ADBE Vector Group","hd":false},{"ty":"gr","it":[{"ind":0,"ty":"sh","ix":1,"ks":{"a":0,"k":{"i":[[31.59,0],[0,31.59],[-31.59,0],[0,-31.59]],"o":[[-31.59,0],[0,-31.59],[31.59,0],[0,31.59]],"v":[[0,30.815],[-57.29,-26.475],[0,-83.765],[57.29,-26.475]],"c":true},"ix":2},"nm":"Path 1","mn":"ADBE Vector Shape - Group","hd":false},{"ind":1,"ty":"sh","ix":2,"ks":{"a":0,"k":{"i":[[22.74,22.74],[32.16,0],[22.73,-22.73],[0,-32.159],[-33.05,-29.07],[-3.16,-2.95],[-5.08,0],[-3.96,3.7],[-4.59,4.041],[0,65.051]],"o":[[-22.73,-22.73],[-32.15,0],[-22.74,22.74],[0,65.051],[4.59,4.041],[3.96,3.7],[5.08,0],[3.16,-2.95],[33.05,-29.07],[0,-32.159]],"v":[[85.12,-107.055],[0,-142.315],[-85.12,-107.055],[-120.38,-21.925],[-25.83,126.295],[-14.12,136.765],[0,142.315],[14.12,136.765],[25.83,126.295],[120.38,-21.925]],"c":true},"ix":2},"nm":"Path 2","mn":"ADBE Vector Shape - Group","hd":false},{"ty":"mm","mm":1,"nm":"Merge Paths 1","mn":"ADBE Vector Filter - Merge","hd":false},{"ty":"fl","c":{"a":0,"k":[0.264,0.936,0.2864,1],"ix":4},"o":{"a":0,"k":100,"ix":5},"r":1,"bm":0,"nm":"Fill 1","mn":"ADBE Vector Graphic - Fill","hd":false},{"ty":"tr","p":{"a":0,"k":[120.63,142.565],"ix":2},"a":{"a":0,"k":[0,0],"ix":1},"s":{"a":0,"k":[100,100],"ix":3},"r":{"a":0,"k":0,"ix":6},"o":{"a":0,"k":100,"ix":7},"sk":{"a":0,"k":0,"ix":4},"sa":{"a":0,"k":0,"ix":5},"nm":"Transform"}],"nm":"Group 2","np":4,"cix":2,"bm":0,"ix":2,"mn":"ADBE Vector Group","hd":false},{"ty":"gr","it":[{"ind":0,"ty":"sh","ix":1,"ks":{"a":0,"k":{"i":[[22.429,10.923],[22.251,-10.908],[-22.396,-10.906],[-22.251,10.907]],"o":[[-22.396,-10.907],[-22.25,10.907],[22.428,10.923],[22.25,-10.907]],"v":[[40.363,-19.802],[-40.628,-19.785],[-40.396,19.785],[40.628,19.785]],"c":true},"ix":2},"nm":"Path 1","mn":"ADBE Vector Shape - Group","hd":false},{"ty":"fl","c":{"a":0,"k":[0.3137,0.7569,0.3294,1],"ix":4},"o":{"a":0,"k":100,"ix":5},"r":1,"bm":0,"nm":"Fill 1","mn":"ADBE Vector Graphic - Fill","hd":false},{"ty":"tr","p":{"a":0,"k":[120.632,284.883],"ix":2},"a":{"a":0,"k":[0,0],"ix":1},"s":{"a":0,"k":[100,100],"ix":3},"r":{"a":0,"k":0,"ix":6},"o":{"a":0,"k":100,"ix":7},"sk":{"a":0,"k":0,"ix":4},"sa":{"a":0,"k":0,"ix":5},"nm":"Transform"}],"nm":"Group 3","np":2,"cix":2,"bm":0,"ix":3,"mn":"ADBE Vector Group","hd":false}],"ip":0,"op":40,"st":0,"bm":0},{"ddd":0,"ind":2,"ty":4,"nm":"Capa 1 Outlines","sr":1,"ks":{"o":{"a":1,"k":[{"i":{"x":[0.7],"y":[1]},"o":{"x":[0.3],"y":[0]},"t":21.667,"s":[100]},{"t":40,"s":[0]}],"ix":11},"r":{"a":0,"k":0,"ix":10},"p":{"a":0,"k":[250,364.893,0],"ix":2},"a":{"a":0,"k":[123.168,65.087,0],"ix":1},"s":{"a":1,"k":[{"i":{"x":[0.3,0.3,0.3],"y":[1,1,1]},"o":{"x":[0.167,0.167,0.167],"y":[0.16,0.16,31.36]},"t":0,"s":[0,0,100]},{"t":40,"s":[196,196,100]}],"ix":6}},"ao":0,"shapes":[{"ty":"gr","it":[{"ind":0,"ty":"sh","ix":1,"ks":{"a":0,"k":{"i":[[30.631,0],[23.281,-11.412],[-0.019,-14.95],[-22.212,-10.817],[-46.533,22.812],[0.019,14.944],[22.25,10.837]],"o":[[-30.669,0],[-21.938,10.754],[0.019,15.046],[46.841,22.812],[21.933,-10.751],[-0.02,-15.057],[-23.387,-11.389]],"v":[[-0.326,-55.06],[-84.906,-37.943],[-118.896,1.915],[-84.422,42.023],[84.915,42.024],[118.897,2.179],[84.362,-37.976]],"c":true},"ix":2},"nm":"Path 1","mn":"ADBE Vector Shape - Group","hd":false},{"ind":1,"ty":"sh","ix":2,"ks":{"a":0,"k":{"i":[[31.299,0],[23.904,11.641],[0.021,16.659],[-23.385,11.463],[-47.772,-23.265],[-0.022,-16.669],[23.379,-11.46]],"o":[[-31.298,0],[-23.66,-11.523],[-0.022,-16.559],[47.5,-23.284],[23.699,11.541],[0.021,16.554],[-23.75,11.642]],"v":[[0.361,63.081],[-86.173,45.619],[-122.896,1.919],[-86.666,-41.536],[86.113,-41.572],[122.897,2.174],[86.675,45.617]],"c":true},"ix":2},"nm":"Path 2","mn":"ADBE Vector Shape - Group","hd":false},{"ty":"mm","mm":1,"nm":"Merge Paths 1","mn":"ADBE Vector Filter - Merge","hd":false},{"ty":"fl","c":{"a":0,"k":[0.2392,0.2824,0.3255,1],"ix":4},"o":{"a":0,"k":100,"ix":5},"r":1,"bm":0,"nm":"Fill 1","mn":"ADBE Vector Graphic - Fill","hd":false},{"ty":"tr","p":{"a":0,"k":[123.168,65.087],"ix":2},"a":{"a":0,"k":[0,0],"ix":1},"s":{"a":0,"k":[100,100],"ix":3},"r":{"a":0,"k":0,"ix":6},"o":{"a":0,"k":100,"ix":7},"sk":{"a":0,"k":0,"ix":4},"sa":{"a":0,"k":0,"ix":5},"nm":"Transform"}],"nm":"Group 1","np":4,"cix":2,"bm":0,"ix":1,"mn":"ADBE Vector Group","hd":false}],"ip":0,"op":40,"st":0,"bm":0}],"markers":[]}