{"nm":"entertainment","ddd":0,"h":630,"w":630,"meta":{"g":"@lottiefiles/toolkit-js 0.33.2"},"layers":[{"ty":4,"nm":"ground","sr":2,"st":0,"op":226,"ip":0,"hd":false,"ddd":0,"bm":0,"hasMask":false,"ao":0,"ks":{"a":{"a":0,"k":[287,260.5,0],"ix":1},"s":{"a":0,"k":[100,100,100],"ix":6},"sk":{"a":0,"k":0},"p":{"a":0,"k":[315,315,0],"ix":2},"r":{"a":0,"k":0,"ix":10},"sa":{"a":0,"k":0},"o":{"a":0,"k":100,"ix":11}},"ef":[],"shapes":[{"ty":"gr","bm":0,"hd":false,"mn":"ADBE Vector Group","nm":"Group 1","ix":1,"cix":2,"np":2,"it":[{"ty":"sh","bm":0,"hd":false,"mn":"ADBE Vector Shape - Group","nm":"Path 1","ix":1,"d":1,"ks":{"a":0,"k":{"c":true,"i":[[0,0],[0,0],[0,0],[-8.856,0],[0,0],[0,-8.856]],"o":[[0,0],[0,0],[0,-8.856],[0,0],[8.856,0],[0,0]],"v":[[246.718,18.199],[-246.718,18.199],[-246.718,-2.165],[-230.683,-18.199],[230.683,-18.199],[246.718,-2.165]]},"ix":2}},{"ty":"fl","bm":0,"hd":false,"mn":"ADBE Vector Graphic - Fill","nm":"Fill 1","c":{"a":0,"k":[0.2431,0.2431,0.2431],"ix":4},"r":1,"o":{"a":0,"k":100,"ix":5}},{"ty":"tr","a":{"a":0,"k":[0,0],"ix":1},"s":{"a":0,"k":[100,100],"ix":3},"sk":{"a":0,"k":0,"ix":4},"p":{"a":0,"k":[270.051,502.394],"ix":2},"r":{"a":0,"k":0,"ix":6},"sa":{"a":0,"k":0,"ix":5},"o":{"a":0,"k":100,"ix":7}}]},{"ty":"tm","bm":0,"hd":false,"mn":"ADBE Vector Filter - Trim","nm":"Trim Paths 1","ix":2,"e":{"a":1,"k":[{"o":{"x":0.167,"y":0.167},"i":{"x":0.667,"y":1},"s":[47],"t":0},{"o":{"x":0.333,"y":0},"i":{"x":0.833,"y":1},"s":[100],"t":16},{"o":{"x":0.167,"y":0},"i":{"x":0.833,"y":0.833},"s":[100],"t":205},{"s":[47],"t":221}],"ix":2},"o":{"a":0,"k":0,"ix":3},"s":{"a":1,"k":[{"o":{"x":0.167,"y":0.167},"i":{"x":0.667,"y":1},"s":[47],"t":0},{"o":{"x":0.333,"y":0},"i":{"x":0.833,"y":1},"s":[0],"t":16},{"o":{"x":0.167,"y":0},"i":{"x":0.833,"y":0.833},"s":[0],"t":205},{"s":[47],"t":221}],"ix":1},"m":2}],"ind":1},{"ty":4,"nm":"3d-glass Outlines","sr":1,"st":40,"op":212,"ip":40,"hd":false,"ddd":0,"bm":0,"hasMask":false,"ao":0,"ks":{"a":{"a":0,"k":[249.879,82.357,0],"ix":1},"s":{"a":1,"k":[{"o":{"x":0.167,"y":0.167},"i":{"x":0.833,"y":0.833},"s":[11,11,100],"t":40},{"o":{"x":0.167,"y":0.167},"i":{"x":0.833,"y":0.833},"s":[61,61,100],"t":54},{"o":{"x":0.167,"y":0.167},"i":{"x":0.833,"y":0.833},"s":[61,61,100],"t":195},{"s":[11,11,100],"t":211}],"ix":6},"sk":{"a":0,"k":0},"p":{"a":1,"k":[{"o":{"x":0.167,"y":0.167},"i":{"x":0.833,"y":0.833},"s":[214.72899999999998,554.234,0],"t":40,"ti":[0,127.225,0],"to":[0,-58.457,0]},{"o":{"x":0.167,"y":0.167},"i":{"x":0.833,"y":0.833},"s":[214.72899999999998,422.6789999999999,0],"t":54,"ti":[0,21.376,0],"to":[0,-46.523,0]},{"o":{"x":0.167,"y":0.167},"i":{"x":0.833,"y":0.833},"s":[214.72899999999998,490.234,0],"t":60,"ti":[0,0,0],"to":[0,-79.833,0]},{"o":{"x":0.167,"y":0.167},"i":{"x":0.833,"y":0.833},"s":[214.72899999999998,490.234,0],"t":195,"ti":[0,79.833,0],"to":[0,0,0]},{"s":[214.72899999999998,554.234,0],"t":211}],"ix":2},"r":{"a":0,"k":0,"ix":10},"sa":{"a":0,"k":0},"o":{"a":1,"k":[{"o":{"x":0.167,"y":0.167},"i":{"x":0.833,"y":0.833},"s":[100],"t":195},{"s":[0],"t":203}],"ix":11}},"ef":[],"shapes":[{"ty":"gr","bm":0,"hd":false,"mn":"ADBE Vector Group","nm":"Group 1","ix":1,"cix":2,"np":5,"it":[{"ty":"sh","bm":0,"hd":false,"mn":"ADBE Vector Shape - Group","nm":"Path 1","ix":1,"d":1,"ks":{"a":0,"k":{"c":true,"i":[[0,0],[8.412,0],[0,0],[2.167,6.058],[0,0],[-10.536,0],[0,0],[0,-8.412]],"o":[[0,8.412],[0,0],[-6.434,0],[0,0],[-3.549,-9.921],[0,0],[8.412,0],[0,0]],"v":[[202.381,27.072],[187.15,42.303],[88.567,42.303],[74.226,32.202],[53.648,-25.326],[67.989,-45.688],[187.15,-45.688],[202.381,-30.456]]},"ix":2}},{"ty":"sh","bm":0,"hd":false,"mn":"ADBE Vector Shape - Group","nm":"Path 2","ix":2,"d":1,"ks":{"a":0,"k":{"c":true,"i":[[3.548,-9.921],[0,0],[6.433,0],[0,0],[0,8.412],[0,0],[-8.412,0],[0,0]],"o":[[0,0],[-2.167,6.058],[0,0],[-8.412,0],[0,0],[0,-8.412],[0,0],[10.536,0]],"v":[[-54.374,-25.326],[-74.952,32.202],[-89.293,42.303],[-187.876,42.303],[-203.108,27.072],[-203.108,-30.456],[-187.876,-45.688],[-68.716,-45.688]]},"ix":2}},{"ty":"sh","bm":0,"hd":false,"mn":"ADBE Vector Shape - Group","nm":"Path 3","ix":3,"d":1,"ks":{"a":0,"k":{"c":true,"i":[[10.89,0],[0,0],[0,-10.891],[0,0],[-10.891,0],[0,0],[-3.916,11.904],[0,0],[-2.858,0.01],[0,0],[0,0],[-0.97,-2.593],[0,0],[-12.004,0],[0,0],[0,10.89],[0,0]],"o":[[0,0],[-10.891,0],[0,0],[0,10.89],[0,0],[12.531,0],[0,0],[0.891,-2.715],[0,0],[0,0],[2.768,0],[0,0],[4.208,11.244],[0,0],[10.89,0],[0,0],[0,-10.891]],"v":[[216.603,-68.831],[-216.601,-68.831],[-236.355,-49.079],[-236.355,49.079],[-216.601,68.831],[-66.817,68.831],[-39.321,48.93],[-18.278,-15.061],[-11.997,-19.624],[12.601,-19.752],[12.643,-19.752],[18.86,-15.442],[43.368,50.034],[70.474,68.831],[216.603,68.831],[236.355,49.079],[236.355,-49.079]]},"ix":2}},{"ty":"mm","bm":0,"hd":false,"mn":"ADBE Vector Filter - Merge","nm":"Merge Paths 1","mm":1},{"ty":"fl","bm":0,"hd":false,"mn":"ADBE Vector Graphic - Fill","nm":"Fill 1","c":{"a":0,"k":[1,1,1],"ix":4},"r":1,"o":{"a":0,"k":100,"ix":5}},{"ty":"tr","a":{"a":0,"k":[0,0],"ix":1},"s":{"a":0,"k":[100,100],"ix":3},"sk":{"a":0,"k":0,"ix":4},"p":{"a":0,"k":[249.879,82.357],"ix":2},"r":{"a":0,"k":0,"ix":6},"sa":{"a":0,"k":0,"ix":5},"o":{"a":0,"k":100,"ix":7}}]},{"ty":"gr","bm":0,"hd":false,"mn":"ADBE Vector Group","nm":"Group 2","ix":2,"cix":2,"np":4,"it":[{"ty":"sh","bm":0,"hd":false,"mn":"ADBE Vector Shape - Group","nm":"Path 1","ix":1,"d":1,"ks":{"a":0,"k":{"c":true,"i":[[0,0],[-0.97,-2.594],[0,0],[-12.004,0],[0,0],[0,10.891],[0,0],[10.891,0],[0,0],[0,-10.891],[0,0],[-10.891,0],[0,0],[-3.916,11.903],[0,0],[-2.858,0.011],[0,0]],"o":[[2.768,0],[0,0],[4.208,11.244],[0,0],[10.891,0],[0,0],[0,-10.891],[0,0],[-10.891,0],[0,0],[0,10.891],[0,0],[12.53,0],[0,0],[0.891,-2.714],[0,0],[0,0]],"v":[[12.643,-19.753],[18.86,-15.442],[43.368,50.033],[70.474,68.831],[216.602,68.831],[236.354,49.079],[236.354,-49.08],[216.602,-68.832],[-216.6,-68.832],[-236.355,-49.08],[-236.355,49.079],[-216.6,68.831],[-66.817,68.831],[-39.321,48.931],[-18.278,-15.061],[-11.997,-19.625],[12.602,-19.753]]},"ix":2}},{"ty":"sh","bm":0,"hd":false,"mn":"ADBE Vector Shape - Group","nm":"Path 2","ix":2,"d":1,"ks":{"a":0,"k":{"c":true,"i":[[18.21,0],[0,0],[6.139,16.4],[0,0],[0,0],[0,0],[18.276,0],[0,0],[0,18.211],[0,0],[-18.213,0],[0,0],[0,-18.211],[0,0]],"o":[[0,0],[-17.51,0],[0,0],[0,0],[0,0],[-5.71,17.363],[0,0],[-18.213,0],[0,0],[0,-18.211],[0,0],[18.21,0],[0,0],[0,18.211]],"v":[[216.602,82.107],[70.474,82.107],[30.935,54.688],[8.052,-6.447],[-7.162,-6.366],[-26.712,53.078],[-66.817,82.107],[-216.6,82.107],[-249.628,49.079],[-249.628,-49.08],[-216.6,-82.107],[216.602,-82.107],[249.628,-49.08],[249.628,49.079]]},"ix":2}},{"ty":"mm","bm":0,"hd":false,"mn":"ADBE Vector Filter - Merge","nm":"Merge Paths 1","mm":1},{"ty":"fl","bm":0,"hd":false,"mn":"ADBE Vector Graphic - Fill","nm":"Fill 1","c":{"a":0,"k":[0.2902,0.2902,0.2902],"ix":4},"r":1,"o":{"a":0,"k":100,"ix":5}},{"ty":"tr","a":{"a":0,"k":[0,0],"ix":1},"s":{"a":0,"k":[100,100],"ix":3},"sk":{"a":0,"k":0,"ix":4},"p":{"a":0,"k":[249.878,82.357],"ix":2},"r":{"a":0,"k":0,"ix":6},"sa":{"a":0,"k":0,"ix":5},"o":{"a":0,"k":100,"ix":7}}]},{"ty":"gr","bm":0,"hd":false,"mn":"ADBE Vector Group","nm":"Group 3","ix":3,"cix":2,"np":2,"it":[{"ty":"sh","bm":0,"hd":false,"mn":"ADBE Vector Shape - Group","nm":"Path 1","ix":1,"d":1,"ks":{"a":0,"k":{"c":true,"i":[[10.536,0],[0,0],[0,-8.412],[0,0],[-8.412,0],[0,0],[-2.167,6.057],[0,0]],"o":[[0,0],[-8.412,0],[0,0],[0,8.412],[0,0],[6.434,0],[0,0],[3.549,-9.921]],"v":[[58.251,-43.996],[-60.91,-43.996],[-76.141,-28.765],[-76.141,28.765],[-60.91,43.996],[37.673,43.996],[52.014,33.895],[72.592,-23.635]]},"ix":2}},{"ty":"fl","bm":0,"hd":false,"mn":"ADBE Vector Graphic - Fill","nm":"Fill 1","c":{"a":0,"k":[0.098,0.851,0.2157],"ix":4},"r":1,"o":{"a":0,"k":100,"ix":5}},{"ty":"tr","a":{"a":0,"k":[0,0],"ix":1},"s":{"a":0,"k":[100,100],"ix":3},"sk":{"a":0,"k":0,"ix":4},"p":{"a":0,"k":[122.912,80.664],"ix":2},"r":{"a":0,"k":0,"ix":6},"sa":{"a":0,"k":0,"ix":5},"o":{"a":0,"k":100,"ix":7}}]},{"ty":"gr","bm":0,"hd":false,"mn":"ADBE Vector Group","nm":"Group 4","ix":4,"cix":2,"np":2,"it":[{"ty":"sh","bm":0,"hd":false,"mn":"ADBE Vector Shape - Group","nm":"Path 1","ix":1,"d":1,"ks":{"a":0,"k":{"c":true,"i":[[-10.536,0],[0,0],[0,-8.412],[0,0],[8.412,0],[0,0],[2.167,6.057],[0,0]],"o":[[0,0],[8.412,0],[0,0],[0,8.412],[0,0],[-6.434,0],[0,0],[-3.549,-9.921]],"v":[[-58.251,-43.996],[60.91,-43.996],[76.141,-28.765],[76.141,28.765],[60.91,43.996],[-37.673,43.996],[-52.014,33.895],[-72.592,-23.635]]},"ix":2}},{"ty":"fl","bm":0,"hd":false,"mn":"ADBE Vector Graphic - Fill","nm":"Fill 1","c":{"a":0,"k":[0,1,0.051],"ix":4},"r":1,"o":{"a":0,"k":100,"ix":5}},{"ty":"tr","a":{"a":0,"k":[0,0],"ix":1},"s":{"a":0,"k":[100,100],"ix":3},"sk":{"a":0,"k":0,"ix":4},"p":{"a":0,"k":[376.119,80.664],"ix":2},"r":{"a":0,"k":0,"ix":6},"sa":{"a":0,"k":0,"ix":5},"o":{"a":0,"k":100,"ix":7}}]}],"ind":2},{"ty":4,"nm":"ticket Outlines","sr":1,"st":17,"op":201,"ip":17,"hd":false,"ddd":0,"bm":0,"hasMask":false,"ao":0,"ks":{"a":{"a":0,"k":[80.688,256.043,0],"ix":1},"s":{"a":1,"k":[{"o":{"x":0.167,"y":0.167},"i":{"x":0.833,"y":0.833},"s":[3,3,100],"t":17},{"o":{"x":0.167,"y":0.167},"i":{"x":0.833,"y":0.833},"s":[55.00000000000001,55.00000000000001,100],"t":31},{"o":{"x":0.167,"y":0.167},"i":{"x":0.833,"y":0.833},"s":[55.00000000000001,55.00000000000001,100],"t":185},{"s":[0,0,100],"t":200}],"ix":6},"sk":{"a":0,"k":0},"p":{"a":1,"k":[{"o":{"x":0.167,"y":0.167},"i":{"x":0.833,"y":0.833},"s":[406.29299999999995,557.391,0],"t":31,"ti":[-0.333,1.167,0],"to":[-2,3.333,0]},{"o":{"x":0.167,"y":0.167},"i":{"x":0.833,"y":0.833},"s":[394.293,577.391,0],"t":85,"ti":[-2,3.333,0],"to":[0.333,-1.167,0]},{"o":{"x":0.167,"y":0.167},"i":{"x":0.833,"y":0.833},"s":[408.293,550.391,0],"t":136,"ti":[0.333,-1.167,0],"to":[2,-3.333,0]},{"s":[406.29299999999995,557.391,0],"t":185}],"ix":2},"r":{"a":0,"k":0,"ix":10},"sa":{"a":0,"k":0},"o":{"a":0,"k":100,"ix":11}},"ef":[],"shapes":[{"ty":"gr","bm":0,"hd":false,"mn":"ADBE Vector Group","nm":"Group 1","ix":1,"cix":2,"np":2,"it":[{"ty":"sh","bm":0,"hd":false,"mn":"ADBE Vector Shape - Group","nm":"Path 1","ix":1,"d":1,"ks":{"a":0,"k":{"c":true,"i":[[0,0],[0,0],[0,0],[0,0],[0,0],[0,0],[-1.613,-6.787],[-6.947,-4.279],[-9.457,12.018],[0,0],[-1.614,-6.787],[-6.947,-4.279],[-9.457,12.017],[0,0],[0,0],[0,0],[0,0],[0,0],[0,0],[0,0],[0,0],[0.423,1.776],[1.555,0.958],[0,0],[1.908,-0.6],[0.797,-1.833],[0.362,-0.592],[7.872,4.849],[1.036,4.359],[-2.349,3.814],[-0.603,0.723],[0.321,1.973],[1.701,1.049],[0,0],[1.904,-0.598],[0.798,-1.829],[0.356,-0.582],[7.875,4.849],[1.036,4.359],[-2.349,3.814],[-0.604,0.723],[0.321,1.972],[1.7,1.048],[0,0],[1.99,-3.237],[0,0],[0,0]],"o":[[0,0],[0,0],[0,0],[0,0],[0,0],[-2.921,6.222],[1.885,7.939],[13.331,8.211],[0,0],[-2.922,6.222],[1.886,7.938],[13.326,8.207],[0,0],[0,0],[0,0],[0,0],[0,0],[0,0],[0,0],[0,0],[0.959,-1.555],[-0.422,-1.777],[0,0],[-1.701,-1.047],[-1.905,0.599],[-0.376,0.869],[-4.854,7.873],[-3.814,-2.349],[-1.036,-4.359],[0.368,-0.595],[1.28,-1.533],[-0.322,-1.97],[0,0],[-1.698,-1.047],[-1.905,0.596],[-0.387,0.888],[-4.851,7.874],[-3.815,-2.349],[-1.034,-4.358],[0.367,-0.596],[1.28,-1.533],[-0.322,-1.972],[0,0],[-3.238,-1.997],[0,0],[0,0],[0,0]],"v":[[-48.522,-16.453],[-31.227,-5.798],[-24.003,-17.523],[-41.298,-28.179],[5.356,-103.911],[8.823,-101.776],[6.783,-81.79],[20.479,-62.843],[60.497,-69.942],[77.619,-59.394],[75.58,-39.407],[89.278,-20.461],[129.292,-27.56],[132.931,-25.32],[86.275,50.413],[68.979,39.759],[61.755,51.484],[79.051,62.139],[42.637,121.248],[58.812,121.248],[148.268,-23.96],[149.106,-29.163],[146.018,-33.435],[130.596,-42.935],[124.919,-43.641],[120.666,-39.812],[119.581,-37.671],[96.5,-32.188],[88.981,-42.591],[91.017,-55.265],[92.44,-57.198],[93.95,-62.719],[90.764,-67.474],[61.801,-85.317],[56.13,-86.025],[51.875,-82.207],[50.784,-80.052],[27.705,-74.57],[20.182,-84.973],[22.221,-97.646],[23.646,-99.58],[25.155,-105.1],[21.969,-109.855],[6.718,-119.251],[-2.756,-116.999],[-149.529,121.248],[-133.352,121.248]]},"ix":2}},{"ty":"fl","bm":0,"hd":false,"mn":"ADBE Vector Graphic - Fill","nm":"Fill 1","c":{"a":0,"k":[0.2902,0.2902,0.2902],"ix":4},"r":1,"o":{"a":0,"k":100,"ix":5}},{"ty":"tr","a":{"a":0,"k":[0,0],"ix":1},"s":{"a":0,"k":[100,100],"ix":3},"sk":{"a":0,"k":0,"ix":4},"p":{"a":0,"k":[149.778,121.498],"ix":2},"r":{"a":0,"k":0,"ix":6},"sa":{"a":0,"k":0,"ix":5},"o":{"a":0,"k":100,"ix":7}}]},{"ty":"gr","bm":0,"hd":false,"mn":"ADBE Vector Group","nm":"Group 2","ix":2,"cix":2,"np":2,"it":[{"ty":"sh","bm":0,"hd":false,"mn":"ADBE Vector Shape - Group","nm":"Path 1","ix":1,"d":1,"ks":{"a":0,"k":{"c":true,"i":[[0,0],[0,0],[0,0],[0,0]],"o":[[0,0],[0,0],[0,0],[0,0]],"v":[[-19.109,-3.684],[11.885,15.41],[19.109,3.684],[-11.884,-15.41]]},"ix":2}},{"ty":"fl","bm":0,"hd":false,"mn":"ADBE Vector Graphic - Fill","nm":"Fill 1","c":{"a":0,"k":[0.2902,0.2902,0.2902],"ix":4},"r":1,"o":{"a":0,"k":100,"ix":5}},{"ty":"tr","a":{"a":0,"k":[0,0],"ix":1},"s":{"a":0,"k":[100,100],"ix":3},"sk":{"a":0,"k":0,"ix":4},"p":{"a":0,"k":[168.653,138.478],"ix":2},"r":{"a":0,"k":0,"ix":6},"sa":{"a":0,"k":0,"ix":5},"o":{"a":0,"k":100,"ix":7}}]},{"ty":"gr","bm":0,"hd":false,"mn":"ADBE Vector Group","nm":"Group 3","ix":3,"cix":2,"np":4,"it":[{"ty":"sh","bm":0,"hd":false,"mn":"ADBE Vector Shape - Group","nm":"Path 1","ix":1,"d":1,"ks":{"a":0,"k":{"c":true,"i":[[0,0],[0,0],[0,0],[0,0]],"o":[[0,0],[0,0],[0,0],[0,0]],"v":[[-0.109,4.766],[7.116,-6.96],[38.109,12.134],[30.885,23.859]]},"ix":2}},{"ty":"sh","bm":0,"hd":false,"mn":"ADBE Vector Shape - Group","nm":"Path 2","ix":2,"d":1,"ks":{"a":0,"k":{"c":true,"i":[[0,0],[0,0],[0,0],[0,0],[0,0],[0,0],[13.326,8.207],[1.887,7.938],[-2.922,6.222],[0,0],[13.331,8.211],[1.885,7.939],[-2.921,6.222],[0,0],[0,0],[0,0],[0,0],[0,0],[0,0],[0,0]],"o":[[0,0],[0,0],[0,0],[0,0],[0,0],[-9.457,12.017],[-6.948,-4.279],[-1.613,-6.787],[0,0],[-9.457,12.018],[-6.947,-4.279],[-1.613,-6.787],[0,0],[0,0],[0,0],[0,0],[0,0],[0,0],[0,0],[0,0]],"v":[[79.176,53.609],[61.88,42.954],[69.105,31.229],[86.4,41.883],[133.056,-33.85],[129.417,-36.09],[89.403,-28.991],[75.704,-47.937],[77.744,-67.924],[60.622,-78.472],[20.605,-71.373],[6.909,-90.32],[8.948,-110.306],[5.481,-112.441],[-41.173,-36.709],[-23.878,-26.053],[-31.102,-14.328],[-48.397,-24.983],[-133.056,112.441],[42.933,112.441]]},"ix":2}},{"ty":"mm","bm":0,"hd":false,"mn":"ADBE Vector Filter - Merge","nm":"Merge Paths 1","mm":1},{"ty":"fl","bm":0,"hd":false,"mn":"ADBE Vector Graphic - Fill","nm":"Fill 1","c":{"a":0,"k":[0.098,0.851,0.2157],"ix":4},"r":1,"o":{"a":0,"k":100,"ix":5}},{"ty":"tr","a":{"a":0,"k":[0,0],"ix":1},"s":{"a":0,"k":[100,100],"ix":3},"sk":{"a":0,"k":0,"ix":4},"p":{"a":0,"k":[149.653,130.028],"ix":2},"r":{"a":0,"k":0,"ix":6},"sa":{"a":0,"k":0,"ix":5},"o":{"a":0,"k":100,"ix":7}}]}],"ind":3},{"ty":4,"nm":"popcorn Outlines","sr":1,"st":25,"op":201,"ip":25,"hd":false,"ddd":0,"bm":0,"hasMask":false,"ao":0,"ks":{"a":{"a":0,"k":[187.563,251.91,0],"ix":1},"s":{"a":1,"k":[{"o":{"x":0.167,"y":0.167},"i":{"x":0.833,"y":0.833},"s":[3,3,100],"t":25},{"o":{"x":0.167,"y":0.167},"i":{"x":0.833,"y":0.833},"s":[61,61,100],"t":39},{"o":{"x":0.167,"y":0.167},"i":{"x":0.833,"y":0.833},"s":[61,61,100],"t":183},{"s":[3,3,100],"t":199}],"ix":6},"sk":{"a":0,"k":0},"p":{"a":1,"k":[{"o":{"x":0.167,"y":0.167},"i":{"x":0.833,"y":0.833},"s":[366.197,555.679,0],"t":25,"ti":[0,127.225,0],"to":[0,-58.457,0]},{"o":{"x":0.167,"y":0.167},"i":{"x":0.833,"y":0.833},"s":[366.197,326.125,0],"t":39,"ti":[0,21.376,0],"to":[0,-46.523,0]},{"o":{"x":0.167,"y":0.167},"i":{"x":0.833,"y":0.833},"s":[366.197,393.679,0],"t":45,"ti":[0,0,0],"to":[0,-79.833,0]},{"o":{"x":0.167,"y":0.167},"i":{"x":0.833,"y":0.833},"s":[366.197,393.679,0],"t":183,"ti":[0,79.833,0],"to":[0,0,0]},{"s":[366.197,555.679,0],"t":199}],"ix":2},"r":{"a":0,"k":0,"ix":10},"sa":{"a":0,"k":0},"o":{"a":0,"k":100,"ix":11}},"ef":[],"shapes":[{"ty":"gr","bm":0,"hd":false,"mn":"ADBE Vector Group","nm":"Group 1","ix":1,"cix":2,"np":7,"it":[{"ty":"sh","bm":0,"hd":false,"mn":"ADBE Vector Shape - Group","nm":"Path 1","ix":1,"d":1,"ks":{"a":0,"k":{"c":true,"i":[[0,0],[0,0],[0,0],[0,0]],"o":[[0,0],[0,0],[0,0],[0,0]],"v":[[126.107,193.037],[68.794,193.037],[93.363,-193.036],[173.003,-193.036]]},"ix":2}},{"ty":"sh","bm":0,"hd":false,"mn":"ADBE Vector Shape - Group","nm":"Path 2","ix":2,"d":1,"ks":{"a":0,"k":{"c":true,"i":[[0,0],[0,0],[0,0],[0,0]],"o":[[0,0],[0,0],[0,0],[0,0]],"v":[[-173.003,-193.036],[-97.31,-193.036],[-72.738,193.037],[-126.107,193.037]]},"ix":2}},{"ty":"sh","bm":0,"hd":false,"mn":"ADBE Vector Shape - Group","nm":"Path 3","ix":3,"d":1,"ks":{"a":0,"k":{"c":true,"i":[[0,0],[0,0],[0,0],[0,0]],"o":[[0,0],[0,0],[0,0],[0,0]],"v":[[-6.637,193.037],[-59.437,193.037],[-84.009,-193.036],[-6.637,-193.036]]},"ix":2}},{"ty":"sh","bm":0,"hd":false,"mn":"ADBE Vector Shape - Group","nm":"Path 4","ix":4,"d":1,"ks":{"a":0,"k":{"c":true,"i":[[0,0],[0,0],[0,0],[0,0]],"o":[[0,0],[0,0],[0,0],[0,0]],"v":[[80.062,-193.036],[55.492,193.037],[6.636,193.037],[6.636,-193.036]]},"ix":2}},{"ty":"sh","bm":0,"hd":false,"mn":"ADBE Vector Shape - Group","nm":"Path 5","ix":5,"d":1,"ks":{"a":0,"k":{"c":true,"i":[[1.261,1.421],[1.9,0],[0,0],[1.258,-1.423],[-0.229,-1.886],[0,0],[-3.357,0],[0,0],[-0.405,3.333],[0,0]],"o":[[-1.257,-1.423],[0,0],[-1.9,0],[-1.261,1.421],[0,0],[0.405,3.333],[0,0],[3.357,0],[0,0],[0.228,-1.886]],"v":[[185.462,-204.073],[180.496,-206.31],[-180.496,-206.31],[-185.463,-204.073],[-187.084,-198.872],[-138.576,200.474],[-131.988,206.311],[131.987,206.311],[138.576,200.474],[187.085,-198.872]]},"ix":2}},{"ty":"mm","bm":0,"hd":false,"mn":"ADBE Vector Filter - Merge","nm":"Merge Paths 1","mm":1},{"ty":"fl","bm":0,"hd":false,"mn":"ADBE Vector Graphic - Fill","nm":"Fill 1","c":{"a":0,"k":[0.2902,0.2902,0.2902],"ix":4},"r":1,"o":{"a":0,"k":100,"ix":5}},{"ty":"tr","a":{"a":0,"k":[0,0],"ix":1},"s":{"a":0,"k":[100,100],"ix":3},"sk":{"a":0,"k":0,"ix":4},"p":{"a":0,"k":[187.563,297.26],"ix":2},"r":{"a":0,"k":0,"ix":6},"sa":{"a":0,"k":0,"ix":5},"o":{"a":0,"k":100,"ix":7}}]},{"ty":"gr","bm":0,"hd":false,"mn":"ADBE Vector Group","nm":"Group 2","ix":2,"cix":2,"np":2,"it":[{"ty":"sh","bm":0,"hd":false,"mn":"ADBE Vector Shape - Group","nm":"Path 1","ix":1,"d":1,"ks":{"a":0,"k":{"c":true,"i":[[0,0],[0,0],[0,0],[0,0]],"o":[[0,0],[0,0],[0,0],[0,0]],"v":[[-180.495,-199.673],[180.495,-199.673],[131.987,199.674],[-131.988,199.674]]},"ix":2}},{"ty":"fl","bm":0,"hd":false,"mn":"ADBE Vector Graphic - Fill","nm":"Fill 1","c":{"a":0,"k":[0.098,0.851,0.2157],"ix":4},"r":1,"o":{"a":0,"k":100,"ix":5}},{"ty":"tr","a":{"a":0,"k":[0,0],"ix":1},"s":{"a":0,"k":[100,100],"ix":3},"sk":{"a":0,"k":0,"ix":4},"p":{"a":0,"k":[187.562,297.261],"ix":2},"r":{"a":0,"k":0,"ix":6},"sa":{"a":0,"k":0,"ix":5},"o":{"a":0,"k":100,"ix":7}}]},{"ty":"gr","bm":0,"hd":false,"mn":"ADBE Vector Group","nm":"Group 3","ix":3,"cix":2,"np":2,"it":[{"ty":"sh","bm":0,"hd":false,"mn":"ADBE Vector Shape - Group","nm":"Path 1","ix":1,"d":1,"ks":{"a":0,"k":{"c":true,"i":[[28.065,0],[0,-28.064],[-28.063,0],[0,28.064]],"o":[[-28.063,0],[0,28.064],[28.065,0],[0,-28.064]],"v":[[0,-50.896],[-50.897,0],[0,50.896],[50.897,0]]},"ix":2}},{"ty":"fl","bm":0,"hd":false,"mn":"ADBE Vector Graphic - Fill","nm":"Fill 1","c":{"a":0,"k":[1,1,1],"ix":4},"r":1,"o":{"a":0,"k":100,"ix":5}},{"ty":"tr","a":{"a":0,"k":[0,0],"ix":1},"s":{"a":0,"k":[100,100],"ix":3},"sk":{"a":0,"k":0,"ix":4},"p":{"a":0,"k":[310.525,113.155],"ix":2},"r":{"a":0,"k":0,"ix":6},"sa":{"a":0,"k":0,"ix":5},"o":{"a":0,"k":100,"ix":7}}]},{"ty":"gr","bm":0,"hd":false,"mn":"ADBE Vector Group","nm":"Group 4","ix":4,"cix":2,"np":2,"it":[{"ty":"sh","bm":0,"hd":false,"mn":"ADBE Vector Shape - Group","nm":"Path 1","ix":1,"d":1,"ks":{"a":0,"k":{"c":true,"i":[[28.063,0],[0,-28.065],[-28.063,0],[0,28.063]],"o":[[-28.063,0],[0,28.063],[28.063,0],[0,-28.065]],"v":[[0,-50.896],[-50.896,0.001],[0,50.896],[50.896,0.001]]},"ix":2}},{"ty":"fl","bm":0,"hd":false,"mn":"ADBE Vector Graphic - Fill","nm":"Fill 1","c":{"a":0,"k":[1,1,1],"ix":4},"r":1,"o":{"a":0,"k":100,"ix":5}},{"ty":"tr","a":{"a":0,"k":[0,0],"ix":1},"s":{"a":0,"k":[100,100],"ix":3},"sk":{"a":0,"k":0,"ix":4},"p":{"a":0,"k":[245.095,90.142],"ix":2},"r":{"a":0,"k":0,"ix":6},"sa":{"a":0,"k":0,"ix":5},"o":{"a":0,"k":100,"ix":7}}]},{"ty":"gr","bm":0,"hd":false,"mn":"ADBE Vector Group","nm":"Group 5","ix":5,"cix":2,"np":2,"it":[{"ty":"sh","bm":0,"hd":false,"mn":"ADBE Vector Shape - Group","nm":"Path 1","ix":1,"d":1,"ks":{"a":0,"k":{"c":true,"i":[[28.065,0],[0,-28.064],[-28.063,0],[0,28.064]],"o":[[-28.063,0],[0,28.064],[28.065,0],[0,-28.064]],"v":[[-0.001,-50.896],[-50.896,0],[-0.001,50.896],[50.896,0]]},"ix":2}},{"ty":"fl","bm":0,"hd":false,"mn":"ADBE Vector Graphic - Fill","nm":"Fill 1","c":{"a":0,"k":[1,1,1],"ix":4},"r":1,"o":{"a":0,"k":100,"ix":5}},{"ty":"tr","a":{"a":0,"k":[0,0],"ix":1},"s":{"a":0,"k":[100,100],"ix":3},"sk":{"a":0,"k":0,"ix":4},"p":{"a":0,"k":[160.488,64.422],"ix":2},"r":{"a":0,"k":0,"ix":6},"sa":{"a":0,"k":0,"ix":5},"o":{"a":0,"k":100,"ix":7}}]},{"ty":"gr","bm":0,"hd":false,"mn":"ADBE Vector Group","nm":"Group 6","ix":6,"cix":2,"np":2,"it":[{"ty":"sh","bm":0,"hd":false,"mn":"ADBE Vector Shape - Group","nm":"Path 1","ix":1,"d":1,"ks":{"a":0,"k":{"c":true,"i":[[28.063,0],[0,-28.065],[-28.065,0],[0,28.063]],"o":[[-28.065,0],[0,28.063],[28.063,0],[0,-28.065]],"v":[[0.001,-50.896],[-50.896,0.001],[0.001,50.896],[50.896,0.001]]},"ix":2}},{"ty":"fl","bm":0,"hd":false,"mn":"ADBE Vector Graphic - Fill","nm":"Fill 1","c":{"a":0,"k":[1,1,1],"ix":4},"r":1,"o":{"a":0,"k":100,"ix":5}},{"ty":"tr","a":{"a":0,"k":[0,0],"ix":1},"s":{"a":0,"k":[100,100],"ix":3},"sk":{"a":0,"k":0,"ix":4},"p":{"a":0,"k":[83.325,90.142],"ix":2},"r":{"a":0,"k":0,"ix":6},"sa":{"a":0,"k":0,"ix":5},"o":{"a":0,"k":100,"ix":7}}]},{"ty":"gr","bm":0,"hd":false,"mn":"ADBE Vector Group","nm":"Group 7","ix":7,"cix":2,"np":4,"it":[{"ty":"sh","bm":0,"hd":false,"mn":"ADBE Vector Shape - Group","nm":"Path 1","ix":1,"d":1,"ks":{"a":0,"k":{"c":true,"i":[[28.065,0],[0,-28.064],[-28.063,0],[0,28.064]],"o":[[-28.063,0],[0,28.064],[28.065,0],[0,-28.064]],"v":[[-0.001,-50.895],[-50.897,0],[-0.001,50.896],[50.896,0]]},"ix":2}},{"ty":"sh","bm":0,"hd":false,"mn":"ADBE Vector Shape - Group","nm":"Path 2","ix":2,"d":1,"ks":{"a":0,"k":{"c":true,"i":[[35.384,0],[0,35.385],[-35.385,0],[0,-35.384]],"o":[[-35.385,0],[0,-35.384],[35.384,0],[0,35.385]],"v":[[-0.001,64.171],[-64.17,0],[-0.001,-64.171],[64.17,0]]},"ix":2}},{"ty":"mm","bm":0,"hd":false,"mn":"ADBE Vector Filter - Merge","nm":"Merge Paths 1","mm":1},{"ty":"fl","bm":0,"hd":false,"mn":"ADBE Vector Graphic - Fill","nm":"Fill 1","c":{"a":0,"k":[0.2902,0.2902,0.2902],"ix":4},"r":1,"o":{"a":0,"k":100,"ix":5}},{"ty":"tr","a":{"a":0,"k":[0,0],"ix":1},"s":{"a":0,"k":[100,100],"ix":3},"sk":{"a":0,"k":0,"ix":4},"p":{"a":0,"k":[310.526,113.155],"ix":2},"r":{"a":0,"k":0,"ix":6},"sa":{"a":0,"k":0,"ix":5},"o":{"a":0,"k":100,"ix":7}}]},{"ty":"gr","bm":0,"hd":false,"mn":"ADBE Vector Group","nm":"Group 8","ix":8,"cix":2,"np":4,"it":[{"ty":"sh","bm":0,"hd":false,"mn":"ADBE Vector Shape - Group","nm":"Path 1","ix":1,"d":1,"ks":{"a":0,"k":{"c":true,"i":[[28.063,0],[0,-28.065],[-28.063,0],[0,28.063]],"o":[[-28.063,0],[0,28.063],[28.063,0],[0,-28.065]],"v":[[0,-50.896],[-50.896,0.001],[0,50.895],[50.896,0.001]]},"ix":2}},{"ty":"sh","bm":0,"hd":false,"mn":"ADBE Vector Shape - Group","nm":"Path 2","ix":2,"d":1,"ks":{"a":0,"k":{"c":true,"i":[[35.385,0],[0,35.384],[-35.384,0],[0,-35.385]],"o":[[-35.384,0],[0,-35.385],[35.385,0],[0,35.384]],"v":[[0,64.171],[-64.169,0.001],[0,-64.171],[64.169,0.001]]},"ix":2}},{"ty":"mm","bm":0,"hd":false,"mn":"ADBE Vector Filter - Merge","nm":"Merge Paths 1","mm":1},{"ty":"fl","bm":0,"hd":false,"mn":"ADBE Vector Graphic - Fill","nm":"Fill 1","c":{"a":0,"k":[0.2902,0.2902,0.2902],"ix":4},"r":1,"o":{"a":0,"k":100,"ix":5}},{"ty":"tr","a":{"a":0,"k":[0,0],"ix":1},"s":{"a":0,"k":[100,100],"ix":3},"sk":{"a":0,"k":0,"ix":4},"p":{"a":0,"k":[245.095,90.142],"ix":2},"r":{"a":0,"k":0,"ix":6},"sa":{"a":0,"k":0,"ix":5},"o":{"a":0,"k":100,"ix":7}}]},{"ty":"gr","bm":0,"hd":false,"mn":"ADBE Vector Group","nm":"Group 9","ix":9,"cix":2,"np":4,"it":[{"ty":"sh","bm":0,"hd":false,"mn":"ADBE Vector Shape - Group","nm":"Path 1","ix":1,"d":1,"ks":{"a":0,"k":{"c":true,"i":[[28.065,0],[0,-28.064],[-28.063,0],[0,28.064]],"o":[[-28.063,0],[0,28.064],[28.065,0],[0,-28.064]],"v":[[-0.001,-50.895],[-50.896,0],[-0.001,50.896],[50.896,0]]},"ix":2}},{"ty":"sh","bm":0,"hd":false,"mn":"ADBE Vector Shape - Group","nm":"Path 2","ix":2,"d":1,"ks":{"a":0,"k":{"c":true,"i":[[35.384,0],[0,35.384],[-35.384,0],[0,-35.384]],"o":[[-35.384,0],[0,-35.384],[35.384,0],[0,35.384]],"v":[[-0.001,64.171],[-64.17,0],[-0.001,-64.171],[64.17,0]]},"ix":2}},{"ty":"mm","bm":0,"hd":false,"mn":"ADBE Vector Filter - Merge","nm":"Merge Paths 1","mm":1},{"ty":"fl","bm":0,"hd":false,"mn":"ADBE Vector Graphic - Fill","nm":"Fill 1","c":{"a":0,"k":[0.2902,0.2902,0.2902],"ix":4},"r":1,"o":{"a":0,"k":100,"ix":5}},{"ty":"tr","a":{"a":0,"k":[0,0],"ix":1},"s":{"a":0,"k":[100,100],"ix":3},"sk":{"a":0,"k":0,"ix":4},"p":{"a":0,"k":[160.488,64.421],"ix":2},"r":{"a":0,"k":0,"ix":6},"sa":{"a":0,"k":0,"ix":5},"o":{"a":0,"k":100,"ix":7}}]},{"ty":"gr","bm":0,"hd":false,"mn":"ADBE Vector Group","nm":"Group 10","ix":10,"cix":2,"np":4,"it":[{"ty":"sh","bm":0,"hd":false,"mn":"ADBE Vector Shape - Group","nm":"Path 1","ix":1,"d":1,"ks":{"a":0,"k":{"c":true,"i":[[28.063,0],[0,-28.065],[-28.065,0],[0,28.063]],"o":[[-28.065,0],[0,28.063],[28.063,0],[0,-28.065]],"v":[[0.001,-50.896],[-50.896,0.001],[0.001,50.895],[50.896,0.001]]},"ix":2}},{"ty":"sh","bm":0,"hd":false,"mn":"ADBE Vector Shape - Group","nm":"Path 2","ix":2,"d":1,"ks":{"a":0,"k":{"c":true,"i":[[35.384,0],[0,35.384],[-35.384,0],[0,-35.385]],"o":[[-35.384,0],[0,-35.385],[35.384,0],[0,35.384]],"v":[[0.001,64.171],[-64.17,0.001],[0.001,-64.171],[64.17,0.001]]},"ix":2}},{"ty":"mm","bm":0,"hd":false,"mn":"ADBE Vector Filter - Merge","nm":"Merge Paths 1","mm":1},{"ty":"fl","bm":0,"hd":false,"mn":"ADBE Vector Graphic - Fill","nm":"Fill 1","c":{"a":0,"k":[0.2902,0.2902,0.2902],"ix":4},"r":1,"o":{"a":0,"k":100,"ix":5}},{"ty":"tr","a":{"a":0,"k":[0,0],"ix":1},"s":{"a":0,"k":[100,100],"ix":3},"sk":{"a":0,"k":0,"ix":4},"p":{"a":0,"k":[83.325,90.142],"ix":2},"r":{"a":0,"k":0,"ix":6},"sa":{"a":0,"k":0,"ix":5},"o":{"a":0,"k":100,"ix":7}}]}],"ind":4},{"ty":4,"nm":"clapper Outlines 2","sr":1,"st":33,"op":218,"ip":33,"hd":false,"ddd":0,"bm":0,"hasMask":false,"ao":0,"ks":{"a":{"a":0,"k":[49.473,272.022,0],"ix":1},"s":{"a":1,"k":[{"o":{"x":0.167,"y":0.167},"i":{"x":0.833,"y":0.833},"s":[4.918,4.918,100],"t":33},{"o":{"x":0.167,"y":0.167},"i":{"x":0.833,"y":0.833},"s":[100,100,100],"t":47},{"o":{"x":0.167,"y":0.167},"i":{"x":0.833,"y":0.833},"s":[100,100,100],"t":202},{"s":[4.918,4.918,100],"t":217}],"ix":6},"sk":{"a":0,"k":0},"p":{"a":0,"k":[49.473,272.022,0],"ix":2},"r":{"a":1,"k":[{"o":{"x":0.167,"y":0.167},"i":{"x":0.833,"y":0.833},"s":[0],"t":65},{"o":{"x":0.167,"y":0.167},"i":{"x":0.833,"y":0.833},"s":[16],"t":71},{"o":{"x":0.167,"y":0.167},"i":{"x":0.833,"y":0.833},"s":[0],"t":77},{"o":{"x":0.167,"y":0.167},"i":{"x":0.833,"y":0.833},"s":[0],"t":135},{"o":{"x":0.167,"y":0.167},"i":{"x":0.833,"y":0.833},"s":[16],"t":141},{"s":[0],"t":147}],"ix":10},"sa":{"a":0,"k":0},"o":{"a":0,"k":100,"ix":11}},"ef":[],"shapes":[{"ty":"gr","bm":0,"hd":false,"mn":"ADBE Vector Group","nm":"Group 1","ix":1,"cix":2,"np":2,"it":[{"ty":"sh","bm":0,"hd":false,"mn":"ADBE Vector Shape - Group","nm":"Path 1","ix":1,"d":1,"ks":{"a":0,"k":{"c":true,"i":[[0,0],[0,0],[0,0]],"o":[[0,0],[0,0],[0,0]],"v":[[-5.525,12.34],[-5.785,-12.34],[5.785,4.629]]},"ix":2}},{"ty":"fl","bm":0,"hd":false,"mn":"ADBE Vector Graphic - Fill","nm":"Fill 1","c":{"a":0,"k":[0.098,0.851,0.2157],"ix":4},"r":1,"o":{"a":0,"k":100,"ix":5}},{"ty":"tr","a":{"a":0,"k":[0,0],"ix":1},"s":{"a":0,"k":[100,100],"ix":3},"sk":{"a":0,"k":0,"ix":4},"p":{"a":0,"k":[334.441,66.178],"ix":2},"r":{"a":0,"k":0,"ix":6},"sa":{"a":0,"k":0,"ix":5},"o":{"a":0,"k":100,"ix":7}}]},{"ty":"gr","bm":0,"hd":false,"mn":"ADBE Vector Group","nm":"Group 2","ix":2,"cix":2,"np":2,"it":[{"ty":"sh","bm":0,"hd":false,"mn":"ADBE Vector Shape - Group","nm":"Path 1","ix":1,"d":1,"ks":{"a":0,"k":{"c":true,"i":[[-16.687,11.38],[0,0],[0,0],[0,0]],"o":[[0,0],[0,0],[0,0],[-11.38,-16.688]],"v":[[8.414,-34.415],[11.822,-36.738],[12.594,36.738],[-1.214,16.487]]},"ix":2}},{"ty":"fl","bm":0,"hd":false,"mn":"ADBE Vector Graphic - Fill","nm":"Fill 1","c":{"a":0,"k":[0.098,0.851,0.2157],"ix":4},"r":1,"o":{"a":0,"k":100,"ix":5}},{"ty":"tr","a":{"a":0,"k":[0,0],"ix":1},"s":{"a":0,"k":[100,100],"ix":3},"sk":{"a":0,"k":0,"ix":4},"p":{"a":0,"k":[27.936,217.612],"ix":2},"r":{"a":0,"k":0,"ix":6},"sa":{"a":0,"k":0,"ix":5},"o":{"a":0,"k":100,"ix":7}}]},{"ty":"gr","bm":0,"hd":false,"mn":"ADBE Vector Group","nm":"Group 3","ix":3,"cix":2,"np":2,"it":[{"ty":"sh","bm":0,"hd":false,"mn":"ADBE Vector Shape - Group","nm":"Path 1","ix":1,"d":1,"ks":{"a":0,"k":{"c":true,"i":[[0,0],[0,0],[0,0],[0,0]],"o":[[0,0],[0,0],[0,0],[0,0]],"v":[[-19.892,-33.841],[18.901,-60.293],[19.892,33.841],[-18.902,60.293]]},"ix":2}},{"ty":"fl","bm":0,"hd":false,"mn":"ADBE Vector Graphic - Fill","nm":"Fill 1","c":{"a":0,"k":[0.098,0.851,0.2157],"ix":4},"r":1,"o":{"a":0,"k":100,"ix":5}},{"ty":"tr","a":{"a":0,"k":[0,0],"ix":1},"s":{"a":0,"k":[100,100],"ix":3},"sk":{"a":0,"k":0,"ix":4},"p":{"a":0,"k":[183.777,130.077],"ix":2},"r":{"a":0,"k":0,"ix":6},"sa":{"a":0,"k":0,"ix":5},"o":{"a":0,"k":100,"ix":7}}]},{"ty":"gr","bm":0,"hd":false,"mn":"ADBE Vector Group","nm":"Group 4","ix":4,"cix":2,"np":2,"it":[{"ty":"sh","bm":0,"hd":false,"mn":"ADBE Vector Shape - Group","nm":"Path 1","ix":1,"d":1,"ks":{"a":0,"k":{"c":true,"i":[[0,0],[0,0],[0,0],[0,0]],"o":[[0,0],[0,0],[0,0],[0,0]],"v":[[-21.57,-32.698],[20.58,-61.438],[21.57,32.698],[-20.579,61.438]]},"ix":2}},{"ty":"fl","bm":0,"hd":false,"mn":"ADBE Vector Graphic - Fill","nm":"Fill 1","c":{"a":0,"k":[0.098,0.851,0.2157],"ix":4},"r":1,"o":{"a":0,"k":100,"ix":5}},{"ty":"tr","a":{"a":0,"k":[0,0],"ix":1},"s":{"a":0,"k":[100,100],"ix":3},"sk":{"a":0,"k":0,"ix":4},"p":{"a":0,"k":[102.316,185.622],"ix":2},"r":{"a":0,"k":0,"ix":6},"sa":{"a":0,"k":0,"ix":5},"o":{"a":0,"k":100,"ix":7}}]},{"ty":"gr","bm":0,"hd":false,"mn":"ADBE Vector Group","nm":"Group 5","ix":5,"cix":2,"np":2,"it":[{"ty":"sh","bm":0,"hd":false,"mn":"ADBE Vector Shape - Group","nm":"Path 1","ix":1,"d":1,"ks":{"a":0,"k":{"c":true,"i":[[0,0],[-7.304,-0.121],[0,0],[0,0],[0,0]],"o":[[6.479,-4.42],[0,0],[0,0],[0,0],[0,0]],"v":[[0.035,-51.402],[21.223,-57.724],[22.129,28.342],[-21.139,57.845],[-22.13,-36.29]]},"ix":2}},{"ty":"fl","bm":0,"hd":false,"mn":"ADBE Vector Graphic - Fill","nm":"Fill 1","c":{"a":0,"k":[0.098,0.851,0.2157],"ix":4},"r":1,"o":{"a":0,"k":100,"ix":5}},{"ty":"tr","a":{"a":0,"k":[0,0],"ix":1},"s":{"a":0,"k":[100,100],"ix":3},"sk":{"a":0,"k":0,"ix":4},"p":{"a":0,"k":[265.797,78.125],"ix":2},"r":{"a":0,"k":0,"ix":6},"sa":{"a":0,"k":0,"ix":5},"o":{"a":0,"k":100,"ix":7}}]},{"ty":"gr","bm":0,"hd":false,"mn":"ADBE Vector Group","nm":"Group 13","ix":6,"cix":2,"np":8,"it":[{"ty":"sh","bm":0,"hd":false,"mn":"ADBE Vector Shape - Group","nm":"Path 1","ix":1,"d":1,"ks":{"a":0,"k":{"c":true,"i":[[0,0],[0,0],[0,0]],"o":[[0,0],[0,0],[0,0]],"v":[[150.291,-63.814],[150.031,-88.494],[161.601,-71.525]]},"ix":2}},{"ty":"sh","bm":0,"hd":false,"mn":"ADBE Vector Shape - Group","nm":"Path 2","ix":2,"d":1,"ks":{"a":0,"k":{"c":true,"i":[[-16.688,11.38],[0,0],[0,0],[0,0]],"o":[[0,0],[0,0],[0,0],[-11.38,-16.688]],"v":[[-142.274,40.865],[-138.867,38.541],[-138.094,112.018],[-151.903,91.767]]},"ix":2}},{"ty":"sh","bm":0,"hd":false,"mn":"ADBE Vector Shape - Group","nm":"Path 3","ix":3,"d":1,"ks":{"a":0,"k":{"c":true,"i":[[0,0],[0,0],[0,0],[0,0]],"o":[[0,0],[0,0],[0,0],[0,0]],"v":[[-14.739,-46.096],[24.054,-72.548],[25.045,21.586],[-13.749,48.039]]},"ix":2}},{"ty":"sh","bm":0,"hd":false,"mn":"ADBE Vector Shape - Group","nm":"Path 4","ix":4,"d":1,"ks":{"a":0,"k":{"c":true,"i":[[0,0],[0,0],[0,0],[0,0]],"o":[[0,0],[0,0],[0,0],[0,0]],"v":[[-97.878,10.593],[-55.728,-18.147],[-54.738,75.987],[-96.887,104.728]]},"ix":2}},{"ty":"sh","bm":0,"hd":false,"mn":"ADBE Vector Shape - Group","nm":"Path 5","ix":5,"d":1,"ks":{"a":0,"k":{"c":true,"i":[[0,0],[-7.304,-0.121],[0,0],[0,0],[0,0]],"o":[[6.479,-4.42],[0,0],[0,0],[0,0],[0,0]],"v":[[87.208,-115.609],[108.396,-121.931],[109.302,-35.865],[66.035,-6.362],[65.044,-100.497]]},"ix":2}},{"ty":"sh","bm":0,"hd":false,"mn":"ADBE Vector Shape - Group","nm":"Path 6","ix":6,"d":1,"ks":{"a":0,"k":{"c":true,"i":[[2.066,3.029],[0,0],[22.742,-15.505],[0,0],[-15.503,-22.736],[0,0],[-2.124,0],[-1.144,0.779],[0,0]],"o":[[0,0],[-15.503,-22.734],[0,0],[-22.735,15.504],[0,0],[1.284,1.884],[1.286,0],[0,0],[3.03,-2.065]],"v":[[176.308,-73.521],[149.078,-113.46],[79.727,-126.577],[-149.755,29.896],[-162.871,99.246],[-135.637,139.184],[-130.146,142.082],[-126.414,140.929],[174.563,-64.297]]},"ix":2}},{"ty":"mm","bm":0,"hd":false,"mn":"ADBE Vector Filter - Merge","nm":"Merge Paths 1","mm":1},{"ty":"fl","bm":0,"hd":false,"mn":"ADBE Vector Graphic - Fill","nm":"Fill 1","c":{"a":0,"k":[0.2902,0.2902,0.2902],"ix":4},"r":1,"o":{"a":0,"k":100,"ix":5}},{"ty":"tr","a":{"a":0,"k":[0,0],"ix":1},"s":{"a":0,"k":[100,100],"ix":3},"sk":{"a":0,"k":0,"ix":4},"p":{"a":0,"k":[178.625,142.332],"ix":2},"r":{"a":0,"k":0,"ix":6},"sa":{"a":0,"k":0,"ix":5},"o":{"a":0,"k":100,"ix":7}}]}],"ind":5,"parent":6},{"ty":4,"nm":"clapper Outlines","sr":1,"st":20,"op":204,"ip":20,"hd":false,"ddd":0,"bm":0,"hasMask":false,"ao":0,"ks":{"a":{"a":0,"k":[236.359,260.547,0],"ix":1},"s":{"a":1,"k":[{"o":{"x":0.167,"y":0.167},"i":{"x":0.833,"y":0.833},"s":[3,3,100],"t":20},{"o":{"x":0.167,"y":0.167},"i":{"x":0.833,"y":0.833},"s":[61,61,100],"t":34},{"o":{"x":0.167,"y":0.167},"i":{"x":0.833,"y":0.833},"s":[61,61,100],"t":189},{"s":[3,3,100],"t":202}],"ix":6},"sk":{"a":0,"k":0},"p":{"a":1,"k":[{"o":{"x":0.167,"y":0.167},"i":{"x":0.833,"y":0.833},"s":[173.64,556.586,0],"t":20,"ti":[0,127.225,0],"to":[0,-58.457,0]},{"o":{"x":0.167,"y":0.167},"i":{"x":0.833,"y":0.833},"s":[173.64,268.032,0],"t":34,"ti":[0,21.376,0],"to":[0,-46.523,0]},{"o":{"x":0.167,"y":0.167},"i":{"x":0.833,"y":0.833},"s":[173.64,335.586,0],"t":40,"ti":[0,0,0],"to":[0,-79.833,0]},{"o":{"x":0.167,"y":0.167},"i":{"x":0.833,"y":0.833},"s":[173.64,335.586,0],"t":189,"ti":[0,79.833,0],"to":[0,0,0]},{"s":[173.64,556.586,0],"t":202}],"ix":2},"r":{"a":0,"k":0,"ix":10},"sa":{"a":0,"k":0},"o":{"a":0,"k":100,"ix":11}},"ef":[],"shapes":[{"ty":"gr","bm":0,"hd":false,"mn":"ADBE Vector Group","nm":"Group 6","ix":1,"cix":2,"np":2,"it":[{"ty":"sh","bm":0,"hd":false,"mn":"ADBE Vector Shape - Group","nm":"Path 1","ix":1,"d":1,"ks":{"a":0,"k":{"c":true,"i":[[4.226,-8.192],[8.78,-2.805],[0,0],[8.192,4.222],[2.809,8.79],[0,0],[0,0],[0,0]],"o":[[-4.224,8.19],[0,0],[-8.779,2.804],[-8.19,-4.225],[0,0],[0,0],[0,0],[2.805,8.779]],"v":[[183.201,21.552],[163.035,38.604],[-105.587,124.43],[-131.906,122.229],[-148.961,102.052],[-188.208,-20.404],[146.154,-127.234],[185.403,-4.766]]},"ix":2}},{"ty":"fl","bm":0,"hd":false,"mn":"ADBE Vector Graphic - Fill","nm":"Fill 1","c":{"a":0,"k":[0.098,0.851,0.2157],"ix":4},"r":1,"o":{"a":0,"k":100,"ix":5}},{"ty":"tr","a":{"a":0,"k":[0,0],"ix":1},"s":{"a":0,"k":[100,100],"ix":3},"sk":{"a":0,"k":0,"ix":4},"p":{"a":0,"k":[270.535,381.479],"ix":2},"r":{"a":0,"k":0,"ix":6},"sa":{"a":0,"k":0,"ix":5},"o":{"a":0,"k":100,"ix":7}}]},{"ty":"gr","bm":0,"hd":false,"mn":"ADBE Vector Group","nm":"Group 7","ix":2,"cix":2,"np":2,"it":[{"ty":"sh","bm":0,"hd":false,"mn":"ADBE Vector Shape - Group","nm":"Path 1","ix":1,"d":1,"ks":{"a":0,"k":{"c":true,"i":[[0,0],[0,0],[0,0],[0,0]],"o":[[0,0],[0,0],[0,0],[0,0]],"v":[[169.94,-44.683],[-164.378,62.091],[-169.941,44.683],[164.378,-62.091]]},"ix":2}},{"ty":"fl","bm":0,"hd":false,"mn":"ADBE Vector Graphic - Fill","nm":"Fill 1","c":{"a":0,"k":[0.098,0.851,0.2157],"ix":4},"r":1,"o":{"a":0,"k":100,"ix":5}},{"ty":"tr","a":{"a":0,"k":[0,0],"ix":1},"s":{"a":0,"k":[100,100],"ix":3},"sk":{"a":0,"k":0,"ix":4},"p":{"a":0,"k":[246.917,301.173],"ix":2},"r":{"a":0,"k":0,"ix":6},"sa":{"a":0,"k":0,"ix":5},"o":{"a":0,"k":100,"ix":7}}]},{"ty":"gr","bm":0,"hd":false,"mn":"ADBE Vector Group","nm":"Group 8","ix":3,"cix":2,"np":2,"it":[{"ty":"sh","bm":0,"hd":false,"mn":"ADBE Vector Shape - Group","nm":"Path 1","ix":1,"d":1,"ks":{"a":0,"k":{"c":true,"i":[[0,0],[0,0],[0,0],[0,0]],"o":[[0,0],[0,0],[0,0],[0,0]],"v":[[-14.997,-26.79],[34.887,-42.727],[14.998,26.788],[-34.887,42.728]]},"ix":2}},{"ty":"fl","bm":0,"hd":false,"mn":"ADBE Vector Graphic - Fill","nm":"Fill 1","c":{"a":0,"k":[0.098,0.851,0.2157],"ix":4},"r":1,"o":{"a":0,"k":100,"ix":5}},{"ty":"tr","a":{"a":0,"k":[0,0],"ix":1},"s":{"a":0,"k":[100,100],"ix":3},"sk":{"a":0,"k":0,"ix":4},"p":{"a":0,"k":[311.009,232.534],"ix":2},"r":{"a":0,"k":0,"ix":6},"sa":{"a":0,"k":0,"ix":5},"o":{"a":0,"k":100,"ix":7}}]},{"ty":"gr","bm":0,"hd":false,"mn":"ADBE Vector Group","nm":"Group 9","ix":4,"cix":2,"np":2,"it":[{"ty":"sh","bm":0,"hd":false,"mn":"ADBE Vector Shape - Group","nm":"Path 1","ix":1,"d":1,"ks":{"a":0,"k":{"c":true,"i":[[0,0],[0,0],[0,0],[0,0]],"o":[[0,0],[0,0],[0,0],[0,0]],"v":[[-12.419,-27.613],[32.309,-41.903],[12.418,27.613],[-32.309,41.904]]},"ix":2}},{"ty":"fl","bm":0,"hd":false,"mn":"ADBE Vector Graphic - Fill","nm":"Fill 1","c":{"a":0,"k":[0.098,0.851,0.2157],"ix":4},"r":1,"o":{"a":0,"k":100,"ix":5}},{"ty":"tr","a":{"a":0,"k":[0,0],"ix":1},"s":{"a":0,"k":[100,100],"ix":3},"sk":{"a":0,"k":0,"ix":4},"p":{"a":0,"k":[216.446,262.746],"ix":2},"r":{"a":0,"k":0,"ix":6},"sa":{"a":0,"k":0,"ix":5},"o":{"a":0,"k":100,"ix":7}}]},{"ty":"gr","bm":0,"hd":false,"mn":"ADBE Vector Group","nm":"Group 10","ix":5,"cix":2,"np":2,"it":[{"ty":"sh","bm":0,"hd":false,"mn":"ADBE Vector Shape - Group","nm":"Path 1","ix":1,"d":1,"ks":{"a":0,"k":{"c":true,"i":[[0,0],[0,0],[0,0],[0,0]],"o":[[0,0],[0,0],[0,0],[0,0]],"v":[[-14.352,-26.995],[34.243,-42.521],[14.354,26.995],[-34.243,42.521]]},"ix":2}},{"ty":"fl","bm":0,"hd":false,"mn":"ADBE Vector Graphic - Fill","nm":"Fill 1","c":{"a":0,"k":[0.098,0.851,0.2157],"ix":4},"r":1,"o":{"a":0,"k":100,"ix":5}},{"ty":"tr","a":{"a":0,"k":[0,0],"ix":1},"s":{"a":0,"k":[100,100],"ix":3},"sk":{"a":0,"k":0,"ix":4},"p":{"a":0,"k":[122.527,292.754],"ix":2},"r":{"a":0,"k":0,"ix":6},"sa":{"a":0,"k":0,"ix":5},"o":{"a":0,"k":100,"ix":7}}]},{"ty":"gr","bm":0,"hd":false,"mn":"ADBE Vector Group","nm":"Group 11","ix":6,"cix":2,"np":2,"it":[{"ty":"sh","bm":0,"hd":false,"mn":"ADBE Vector Shape - Group","nm":"Path 1","ix":1,"d":1,"ks":{"a":0,"k":{"c":true,"i":[[0,0],[0,0],[0,0]],"o":[[0,0],[0,0],[0,0]],"v":[[18.181,21.383],[-18.181,33],[0.703,-33]]},"ix":2}},{"ty":"fl","bm":0,"hd":false,"mn":"ADBE Vector Graphic - Fill","nm":"Fill 1","c":{"a":0,"k":[0.098,0.851,0.2157],"ix":4},"r":1,"o":{"a":0,"k":100,"ix":5}},{"ty":"tr","a":{"a":0,"k":[0,0],"ix":1},"s":{"a":0,"k":[100,100],"ix":3},"sk":{"a":0,"k":0,"ix":4},"p":{"a":0,"k":[391.445,211.223],"ix":2},"r":{"a":0,"k":0,"ix":6},"sa":{"a":0,"k":0,"ix":5},"o":{"a":0,"k":100,"ix":7}}]},{"ty":"gr","bm":0,"hd":false,"mn":"ADBE Vector Group","nm":"Group 12","ix":7,"cix":2,"np":9,"it":[{"ty":"sh","bm":0,"hd":false,"mn":"ADBE Vector Shape - Group","nm":"Path 1","ix":1,"d":1,"ks":{"a":0,"k":{"c":true,"i":[[4.226,-8.192],[8.78,-2.805],[0,0],[8.192,4.222],[2.809,8.79],[0,0],[0,0],[0,0]],"o":[[-4.224,8.19],[0,0],[-8.779,2.804],[-8.19,-4.225],[0,0],[0,0],[0,0],[2.805,8.779]],"v":[[196.682,62.834],[176.515,79.886],[-92.107,165.712],[-118.426,163.511],[-135.481,143.334],[-177.728,11.878],[156.634,-94.951],[198.883,36.517]]},"ix":2}},{"ty":"sh","bm":0,"hd":false,"mn":"ADBE Vector Shape - Group","nm":"Path 2","ix":2,"d":1,"ks":{"a":0,"k":{"c":true,"i":[[0,0],[0,0],[0,0]],"o":[[0,0],[0,0],[0,0]],"v":[[-196.137,-59.339],[-198.246,-51.968],[-200.198,-58.041]]},"ix":2}},{"ty":"sh","bm":0,"hd":false,"mn":"ADBE Vector Shape - Group","nm":"Path 3","ix":3,"d":1,"ks":{"a":0,"k":{"c":true,"i":[[0,0],[0,0],[0,0],[0,0]],"o":[[0,0],[0,0],[0,0],[0,0]],"v":[[38.957,-134.452],[88.843,-150.391],[68.952,-80.874],[19.067,-64.936]]},"ix":2}},{"ty":"sh","bm":0,"hd":false,"mn":"ADBE Vector Shape - Group","nm":"Path 4","ix":4,"d":1,"ks":{"a":0,"k":{"c":true,"i":[[0,0],[0,0],[0,0],[0,0]],"o":[[0,0],[0,0],[0,0],[0,0]],"v":[[-53.027,-105.062],[-8.299,-119.353],[-28.19,-49.837],[-72.917,-35.547]]},"ix":2}},{"ty":"sh","bm":0,"hd":false,"mn":"ADBE Vector Shape - Group","nm":"Path 5","ix":5,"d":1,"ks":{"a":0,"k":{"c":true,"i":[[0,0],[0,0],[0,0],[0,0]],"o":[[0,0],[0,0],[0,0],[0,0]],"v":[[-148.88,-74.437],[-100.284,-89.964],[-120.174,-20.447],[-168.77,-4.922]]},"ix":2}},{"ty":"sh","bm":0,"hd":false,"mn":"ADBE Vector Shape - Group","nm":"Path 6","ix":6,"d":1,"ks":{"a":0,"k":{"c":true,"i":[[0,0],[0,0],[0,0]],"o":[[0,0],[0,0],[0,0]],"v":[[152.572,-107.59],[116.208,-95.973],[135.094,-161.974]]},"ix":2}},{"ty":"sh","bm":0,"hd":false,"mn":"ADBE Vector Shape - Group","nm":"Path 7","ix":7,"d":1,"ks":{"a":0,"k":{"c":true,"i":[[3.887,12.168],[0,0],[3.474,-1.114],[0,0],[0.807,-1.566],[-0.539,-1.676],[0,0],[-11.343,-5.851],[-7.517,0],[-4.792,1.531],[0,0],[-5.852,11.343]],"o":[[0,0],[-1.12,-3.488],[0,0],[-1.681,0.537],[-0.807,1.567],[0,0],[3.886,12.158],[6.874,3.544],[4.888,0],[0,0],[12.158,-3.885],[5.849,-11.344]],"v":[[211.526,32.465],[144.775,-175.24],[136.435,-179.533],[-210.572,-68.664],[-214.455,-65.379],[-214.873,-60.311],[-148.124,147.385],[-124.51,175.31],[-102.662,180.647],[-88.068,178.357],[180.555,92.532],[208.482,68.919]]},"ix":2}},{"ty":"mm","bm":0,"hd":false,"mn":"ADBE Vector Filter - Merge","nm":"Merge Paths 1","mm":1},{"ty":"fl","bm":0,"hd":false,"mn":"ADBE Vector Graphic - Fill","nm":"Fill 1","c":{"a":0,"k":[0.2902,0.2902,0.2902],"ix":4},"r":1,"o":{"a":0,"k":100,"ix":5}},{"ty":"tr","a":{"a":0,"k":[0,0],"ix":1},"s":{"a":0,"k":[100,100],"ix":3},"sk":{"a":0,"k":0,"ix":4},"p":{"a":0,"k":[257.055,340.196],"ix":2},"r":{"a":0,"k":0,"ix":6},"sa":{"a":0,"k":0,"ix":5},"o":{"a":0,"k":100,"ix":7}}]}],"ind":6},{"ty":4,"nm":"reel Outlines","sr":1,"st":28,"op":205,"ip":28,"hd":false,"ddd":0,"bm":0,"hasMask":false,"ao":0,"ks":{"a":{"a":0,"k":[299.289,299.29,0],"ix":1},"s":{"a":1,"k":[{"o":{"x":0.167,"y":0.167},"i":{"x":0.833,"y":0.833},"s":[3,3,100],"t":28},{"o":{"x":0.167,"y":0.167},"i":{"x":0.833,"y":0.833},"s":[61,61,100],"t":42},{"o":{"x":0.167,"y":0.167},"i":{"x":0.833,"y":0.833},"s":[61,61,100],"t":192},{"s":[3,3,100],"t":205}],"ix":6},"sk":{"a":0,"k":0},"p":{"a":1,"k":[{"o":{"x":0.167,"y":0.167},"i":{"x":0.833,"y":0.833},"s":[278.683,557.687,0],"t":28,"ti":[0,127.225,0],"to":[0,-58.457,0]},{"o":{"x":0.167,"y":0.167},"i":{"x":0.833,"y":0.833},"s":[398.683,203.133,0],"t":42,"ti":[0,21.376,0],"to":[0,-46.523,0]},{"o":{"x":0.167,"y":0.167},"i":{"x":0.833,"y":0.833},"s":[398.683,270.687,0],"t":48,"ti":[0,0,0],"to":[0,-79.833,0]},{"o":{"x":0.167,"y":0.167},"i":{"x":0.833,"y":0.833},"s":[398.683,270.687,0],"t":192,"ti":[0,79.833,0],"to":[0,0,0]},{"s":[278.683,557.687,0],"t":205}],"ix":2},"r":{"a":1,"k":[{"o":{"x":0.167,"y":0.167},"i":{"x":0.833,"y":0.833},"s":[0],"t":28},{"s":[360],"t":272}],"ix":10},"sa":{"a":0,"k":0},"o":{"a":0,"k":100,"ix":11}},"ef":[],"shapes":[{"ty":"gr","bm":0,"hd":false,"mn":"ADBE Vector Group","nm":"Group 1","ix":1,"cix":2,"np":16,"it":[{"ty":"sh","bm":0,"hd":false,"mn":"ADBE Vector Shape - Group","nm":"Path 1","ix":1,"d":1,"ks":{"a":0,"k":{"c":true,"i":[[38.515,0],[0,-38.514],[-38.515,0],[0,38.514]],"o":[[-38.515,0],[0,38.514],[38.515,0],[0,-38.514]],"v":[[-9.476,-228.91],[-79.326,-159.062],[-9.476,-89.215],[60.373,-159.062]]},"ix":2}},{"ty":"sh","bm":0,"hd":false,"mn":"ADBE Vector Shape - Group","nm":"Path 2","ix":2,"d":1,"ks":{"a":0,"k":{"c":true,"i":[[45.835,0],[0,45.834],[-45.836,0],[0,-45.834]],"o":[[-45.836,0],[0,-45.834],[45.835,0],[0,45.834]],"v":[[-9.476,-75.939],[-92.599,-159.062],[-9.476,-242.185],[73.646,-159.062]]},"ix":2}},{"ty":"sh","bm":0,"hd":false,"mn":"ADBE Vector Shape - Group","nm":"Path 3","ix":3,"d":1,"ks":{"a":0,"k":{"c":true,"i":[[38.512,0],[0,-38.513],[-38.515,0],[0,38.515]],"o":[[-38.515,0],[0,38.515],[38.512,0],[0,-38.513]],"v":[[148.909,-126.085],[79.06,-56.239],[148.909,13.61],[218.755,-56.239]]},"ix":2}},{"ty":"sh","bm":0,"hd":false,"mn":"ADBE Vector Shape - Group","nm":"Path 4","ix":4,"d":1,"ks":{"a":0,"k":{"c":true,"i":[[45.834,0],[0,45.834],[-45.833,0],[0,-45.833]],"o":[[-45.833,0],[0,-45.833],[45.834,0],[0,45.834]],"v":[[148.909,26.886],[65.787,-56.239],[148.909,-139.361],[232.03,-56.239]]},"ix":2}},{"ty":"sh","bm":0,"hd":false,"mn":"ADBE Vector Shape - Group","nm":"Path 5","ix":5,"d":1,"ks":{"a":0,"k":{"c":true,"i":[[38.513,0],[0,-38.515],[-38.514,0],[0,38.513]],"o":[[-38.514,0],[0,38.513],[38.513,0],[0,-38.515]],"v":[[-155.677,-120.429],[-225.526,-50.582],[-155.677,19.266],[-85.83,-50.582]]},"ix":2}},{"ty":"sh","bm":0,"hd":false,"mn":"ADBE Vector Shape - Group","nm":"Path 6","ix":6,"d":1,"ks":{"a":0,"k":{"c":true,"i":[[45.834,0],[0,45.833],[-45.836,0],[0,-45.834]],"o":[[-45.836,0],[0,-45.834],[45.834,0],[0,45.833]],"v":[[-155.677,32.541],[-238.8,-50.582],[-155.677,-133.705],[-72.556,-50.582]]},"ix":2}},{"ty":"sh","bm":0,"hd":false,"mn":"ADBE Vector Shape - Group","nm":"Path 7","ix":7,"d":1,"ks":{"a":0,"k":{"c":true,"i":[[18.355,0],[0,-18.356],[-18.358,0],[0,18.357]],"o":[[-18.358,0],[0,18.357],[18.355,0],[0,-18.356]],"v":[[-2.707,-39.382],[-35.999,-6.092],[-2.707,27.197],[30.583,-6.092]]},"ix":2}},{"ty":"sh","bm":0,"hd":false,"mn":"ADBE Vector Shape - Group","nm":"Path 8","ix":8,"d":1,"ks":{"a":0,"k":{"c":true,"i":[[25.676,0],[0,25.677],[-25.677,0],[0,-25.676]],"o":[[-25.677,0],[0,-25.676],[25.676,0],[0,25.677]],"v":[[-2.707,40.473],[-49.274,-6.092],[-2.707,-52.658],[43.856,-6.092]]},"ix":2}},{"ty":"sh","bm":0,"hd":false,"mn":"ADBE Vector Shape - Group","nm":"Path 9","ix":9,"d":1,"ks":{"a":0,"k":{"c":true,"i":[[38.513,0],[0,-38.515],[-38.514,0],[0,38.513]],"o":[[-38.514,0],[0,38.513],[38.513,0],[0,-38.515]],"v":[[-93.407,51.986],[-163.255,121.834],[-93.407,191.68],[-23.56,121.834]]},"ix":2}},{"ty":"sh","bm":0,"hd":false,"mn":"ADBE Vector Shape - Group","nm":"Path 10","ix":10,"d":1,"ks":{"a":0,"k":{"c":true,"i":[[45.834,0],[0,45.834],[-45.835,0],[0,-45.835]],"o":[[-45.835,0],[0,-45.835],[45.834,0],[0,45.834]],"v":[[-93.407,204.957],[-176.529,121.834],[-93.407,38.71],[-10.286,121.834]]},"ix":2}},{"ty":"sh","bm":0,"hd":false,"mn":"ADBE Vector Shape - Group","nm":"Path 11","ix":11,"d":1,"ks":{"a":0,"k":{"c":true,"i":[[38.513,0],[0,-38.515],[-38.513,0],[0,38.513]],"o":[[-38.513,0],[0,38.513],[38.513,0],[0,-38.515]],"v":[[81.87,51.986],[12.022,121.834],[81.87,191.68],[151.718,121.834]]},"ix":2}},{"ty":"sh","bm":0,"hd":false,"mn":"ADBE Vector Shape - Group","nm":"Path 12","ix":12,"d":1,"ks":{"a":0,"k":{"c":true,"i":[[45.833,0],[0,45.834],[-45.834,0],[0,-45.835]],"o":[[-45.834,0],[0,-45.835],[45.833,0],[0,45.834]],"v":[[81.87,204.957],[-1.251,121.834],[81.87,38.71],[164.992,121.834]]},"ix":2}},{"ty":"sh","bm":0,"hd":false,"mn":"ADBE Vector Shape - Group","nm":"Path 13","ix":13,"d":1,"ks":{"a":0,"k":{"c":true,"i":[[157.571,0],[0,-157.572],[-157.572,0],[0,157.571]],"o":[[-157.572,0],[0,157.571],[157.571,0],[0,-157.572]],"v":[[0.001,-285.765],[-285.766,-0.001],[0.001,285.765],[285.764,-0.001]]},"ix":2}},{"ty":"sh","bm":0,"hd":false,"mn":"ADBE Vector Shape - Group","nm":"Path 14","ix":14,"d":1,"ks":{"a":0,"k":{"c":true,"i":[[164.89,0],[0,164.891],[-164.893,0],[0,-164.892]],"o":[[-164.893,0],[0,-164.892],[164.89,0],[0,164.891]],"v":[[0.001,299.041],[-299.039,-0.001],[0.001,-299.041],[299.039,-0.001]]},"ix":2}},{"ty":"mm","bm":0,"hd":false,"mn":"ADBE Vector Filter - Merge","nm":"Merge Paths 1","mm":1},{"ty":"fl","bm":0,"hd":false,"mn":"ADBE Vector Graphic - Fill","nm":"Fill 1","c":{"a":0,"k":[0.2902,0.2902,0.2902],"ix":4},"r":1,"o":{"a":0,"k":100,"ix":5}},{"ty":"tr","a":{"a":0,"k":[0,0],"ix":1},"s":{"a":0,"k":[100,100],"ix":3},"sk":{"a":0,"k":0,"ix":4},"p":{"a":0,"k":[299.289,299.29],"ix":2},"r":{"a":0,"k":0,"ix":6},"sa":{"a":0,"k":0,"ix":5},"o":{"a":0,"k":100,"ix":7}}]},{"ty":"gr","bm":0,"hd":false,"mn":"ADBE Vector Group","nm":"Group 2","ix":2,"cix":2,"np":2,"it":[{"ty":"sh","bm":0,"hd":false,"mn":"ADBE Vector Shape - Group","nm":"Path 1","ix":1,"d":1,"ks":{"a":0,"k":{"c":true,"i":[[38.515,0],[0,-38.514],[-38.515,0],[0,38.514]],"o":[[-38.515,0],[0,38.514],[38.515,0],[0,-38.514]],"v":[[0.001,-69.848],[-69.85,0],[0.001,69.848],[69.85,0]]},"ix":2}},{"ty":"fl","bm":0,"hd":false,"mn":"ADBE Vector Graphic - Fill","nm":"Fill 1","c":{"a":0,"k":[1,1,1],"ix":4},"r":1,"o":{"a":0,"k":100,"ix":5}},{"ty":"tr","a":{"a":0,"k":[0,0],"ix":1},"s":{"a":0,"k":[100,100],"ix":3},"sk":{"a":0,"k":0,"ix":4},"p":{"a":0,"k":[289.812,140.228],"ix":2},"r":{"a":0,"k":0,"ix":6},"sa":{"a":0,"k":0,"ix":5},"o":{"a":0,"k":100,"ix":7}}]},{"ty":"gr","bm":0,"hd":false,"mn":"ADBE Vector Group","nm":"Group 3","ix":3,"cix":2,"np":2,"it":[{"ty":"sh","bm":0,"hd":false,"mn":"ADBE Vector Shape - Group","nm":"Path 1","ix":1,"d":1,"ks":{"a":0,"k":{"c":true,"i":[[38.513,0],[0,-38.514],[-38.515,0],[0,38.514]],"o":[[-38.515,0],[0,38.514],[38.513,0],[0,-38.514]],"v":[[0.001,-69.848],[-69.848,0],[0.001,69.848],[69.848,0]]},"ix":2}},{"ty":"fl","bm":0,"hd":false,"mn":"ADBE Vector Graphic - Fill","nm":"Fill 1","c":{"a":0,"k":[1,1,1],"ix":4},"r":1,"o":{"a":0,"k":100,"ix":5}},{"ty":"tr","a":{"a":0,"k":[0,0],"ix":1},"s":{"a":0,"k":[100,100],"ix":3},"sk":{"a":0,"k":0,"ix":4},"p":{"a":0,"k":[448.197,243.053],"ix":2},"r":{"a":0,"k":0,"ix":6},"sa":{"a":0,"k":0,"ix":5},"o":{"a":0,"k":100,"ix":7}}]},{"ty":"gr","bm":0,"hd":false,"mn":"ADBE Vector Group","nm":"Group 4","ix":4,"cix":2,"np":2,"it":[{"ty":"sh","bm":0,"hd":false,"mn":"ADBE Vector Shape - Group","nm":"Path 1","ix":1,"d":1,"ks":{"a":0,"k":{"c":true,"i":[[38.513,0],[0,-38.515],[-38.514,0],[0,38.513]],"o":[[-38.514,0],[0,38.513],[38.513,0],[0,-38.515]],"v":[[0.001,-69.848],[-69.848,0.001],[0.001,69.848],[69.848,0.001]]},"ix":2}},{"ty":"fl","bm":0,"hd":false,"mn":"ADBE Vector Graphic - Fill","nm":"Fill 1","c":{"a":0,"k":[1,1,1],"ix":4},"r":1,"o":{"a":0,"k":100,"ix":5}},{"ty":"tr","a":{"a":0,"k":[0,0],"ix":1},"s":{"a":0,"k":[100,100],"ix":3},"sk":{"a":0,"k":0,"ix":4},"p":{"a":0,"k":[143.611,248.709],"ix":2},"r":{"a":0,"k":0,"ix":6},"sa":{"a":0,"k":0,"ix":5},"o":{"a":0,"k":100,"ix":7}}]},{"ty":"gr","bm":0,"hd":false,"mn":"ADBE Vector Group","nm":"Group 5","ix":5,"cix":2,"np":2,"it":[{"ty":"sh","bm":0,"hd":false,"mn":"ADBE Vector Shape - Group","nm":"Path 1","ix":1,"d":1,"ks":{"a":0,"k":{"c":true,"i":[[18.355,0],[0,-18.356],[-18.357,0],[0,18.356]],"o":[[-18.357,0],[0,18.356],[18.355,0],[0,-18.356]],"v":[[0.001,-33.29],[-33.291,0],[0.001,33.29],[33.291,0]]},"ix":2}},{"ty":"fl","bm":0,"hd":false,"mn":"ADBE Vector Graphic - Fill","nm":"Fill 1","c":{"a":0,"k":[1,1,1],"ix":4},"r":1,"o":{"a":0,"k":100,"ix":5}},{"ty":"tr","a":{"a":0,"k":[0,0],"ix":1},"s":{"a":0,"k":[100,100],"ix":3},"sk":{"a":0,"k":0,"ix":4},"p":{"a":0,"k":[296.581,293.198],"ix":2},"r":{"a":0,"k":0,"ix":6},"sa":{"a":0,"k":0,"ix":5},"o":{"a":0,"k":100,"ix":7}}]},{"ty":"gr","bm":0,"hd":false,"mn":"ADBE Vector Group","nm":"Group 6","ix":6,"cix":2,"np":2,"it":[{"ty":"sh","bm":0,"hd":false,"mn":"ADBE Vector Shape - Group","nm":"Path 1","ix":1,"d":1,"ks":{"a":0,"k":{"c":true,"i":[[38.513,0],[0,-38.515],[-38.515,0],[0,38.513]],"o":[[-38.515,0],[0,38.513],[38.513,0],[0,-38.515]],"v":[[0.001,-69.847],[-69.848,0.001],[0.001,69.847],[69.848,0.001]]},"ix":2}},{"ty":"fl","bm":0,"hd":false,"mn":"ADBE Vector Graphic - Fill","nm":"Fill 1","c":{"a":0,"k":[1,1,1],"ix":4},"r":1,"o":{"a":0,"k":100,"ix":5}},{"ty":"tr","a":{"a":0,"k":[0,0],"ix":1},"s":{"a":0,"k":[100,100],"ix":3},"sk":{"a":0,"k":0,"ix":4},"p":{"a":0,"k":[205.881,421.124],"ix":2},"r":{"a":0,"k":0,"ix":6},"sa":{"a":0,"k":0,"ix":5},"o":{"a":0,"k":100,"ix":7}}]},{"ty":"gr","bm":0,"hd":false,"mn":"ADBE Vector Group","nm":"Group 7","ix":7,"cix":2,"np":2,"it":[{"ty":"sh","bm":0,"hd":false,"mn":"ADBE Vector Shape - Group","nm":"Path 1","ix":1,"d":1,"ks":{"a":0,"k":{"c":true,"i":[[38.514,0],[0,-38.515],[-38.513,0],[0,38.513]],"o":[[-38.513,0],[0,38.513],[38.514,0],[0,-38.515]],"v":[[0,-69.847],[-69.849,0.001],[0,69.847],[69.849,0.001]]},"ix":2}},{"ty":"fl","bm":0,"hd":false,"mn":"ADBE Vector Graphic - Fill","nm":"Fill 1","c":{"a":0,"k":[1,1,1],"ix":4},"r":1,"o":{"a":0,"k":100,"ix":5}},{"ty":"tr","a":{"a":0,"k":[0,0],"ix":1},"s":{"a":0,"k":[100,100],"ix":3},"sk":{"a":0,"k":0,"ix":4},"p":{"a":0,"k":[381.159,421.124],"ix":2},"r":{"a":0,"k":0,"ix":6},"sa":{"a":0,"k":0,"ix":5},"o":{"a":0,"k":100,"ix":7}}]},{"ty":"gr","bm":0,"hd":false,"mn":"ADBE Vector Group","nm":"Group 8","ix":8,"cix":2,"np":9,"it":[{"ty":"sh","bm":0,"hd":false,"mn":"ADBE Vector Shape - Group","nm":"Path 1","ix":1,"d":1,"ks":{"a":0,"k":{"c":true,"i":[[45.834,0],[0,45.834],[-45.833,0],[0,-45.833]],"o":[[-45.833,0],[0,-45.833],[45.834,0],[0,45.834]],"v":[[148.91,26.885],[65.788,-56.238],[148.91,-139.361],[232.031,-56.238]]},"ix":2}},{"ty":"sh","bm":0,"hd":false,"mn":"ADBE Vector Shape - Group","nm":"Path 2","ix":2,"d":1,"ks":{"a":0,"k":{"c":true,"i":[[45.833,0],[0,45.834],[-45.834,0],[0,-45.835]],"o":[[-45.834,0],[0,-45.835],[45.833,0],[0,45.834]],"v":[[81.871,204.958],[-1.25,121.834],[81.871,38.711],[164.993,121.834]]},"ix":2}},{"ty":"sh","bm":0,"hd":false,"mn":"ADBE Vector Shape - Group","nm":"Path 3","ix":3,"d":1,"ks":{"a":0,"k":{"c":true,"i":[[0,25.677],[-25.677,0],[0,-25.676],[25.677,0]],"o":[[0,-25.676],[25.677,0],[0,25.677],[-25.677,0]],"v":[[-49.273,-6.092],[-2.706,-52.657],[43.857,-6.092],[-2.706,40.474]]},"ix":2}},{"ty":"sh","bm":0,"hd":false,"mn":"ADBE Vector Shape - Group","nm":"Path 4","ix":4,"d":1,"ks":{"a":0,"k":{"c":true,"i":[[45.834,0],[0,45.834],[-45.835,0],[0,-45.835]],"o":[[-45.835,0],[0,-45.835],[45.834,0],[0,45.834]],"v":[[-93.405,204.958],[-176.528,121.834],[-93.405,38.711],[-10.284,121.834]]},"ix":2}},{"ty":"sh","bm":0,"hd":false,"mn":"ADBE Vector Shape - Group","nm":"Path 5","ix":5,"d":1,"ks":{"a":0,"k":{"c":true,"i":[[0,45.833],[-45.835,0],[0,-45.834],[45.834,0]],"o":[[0,-45.834],[45.834,0],[0,45.833],[-45.835,0]],"v":[[-238.798,-50.581],[-155.676,-133.706],[-72.555,-50.581],[-155.676,32.542]]},"ix":2}},{"ty":"sh","bm":0,"hd":false,"mn":"ADBE Vector Shape - Group","nm":"Path 6","ix":6,"d":1,"ks":{"a":0,"k":{"c":true,"i":[[-45.836,0],[0,-45.834],[45.835,0],[0,45.834]],"o":[[45.835,0],[0,45.834],[-45.836,0],[0,-45.834]],"v":[[-9.475,-242.186],[73.647,-159.063],[-9.475,-75.938],[-92.598,-159.063]]},"ix":2}},{"ty":"sh","bm":0,"hd":false,"mn":"ADBE Vector Shape - Group","nm":"Path 7","ix":7,"d":1,"ks":{"a":0,"k":{"c":true,"i":[[157.571,0],[0,-157.572],[-157.572,0],[0,157.571]],"o":[[-157.572,0],[0,157.571],[157.571,0],[0,-157.572]],"v":[[0.002,-285.764],[-285.765,0],[0.002,285.764],[285.765,0]]},"ix":2}},{"ty":"mm","bm":0,"hd":false,"mn":"ADBE Vector Filter - Merge","nm":"Merge Paths 1","mm":1},{"ty":"fl","bm":0,"hd":false,"mn":"ADBE Vector Graphic - Fill","nm":"Fill 1","c":{"a":0,"k":[0.098,0.851,0.2157],"ix":4},"r":1,"o":{"a":0,"k":100,"ix":5}},{"ty":"tr","a":{"a":0,"k":[0,0],"ix":1},"s":{"a":0,"k":[100,100],"ix":3},"sk":{"a":0,"k":0,"ix":4},"p":{"a":0,"k":[299.288,299.291],"ix":2},"r":{"a":0,"k":0,"ix":6},"sa":{"a":0,"k":0,"ix":5},"o":{"a":0,"k":100,"ix":7}}]}],"ind":7},{"ty":1,"nm":"Medium Yellow Solid 1","sr":2,"st":0,"op":226,"ip":226,"hd":false,"ddd":0,"bm":0,"hasMask":true,"ao":0,"ks":{"a":{"a":0,"k":[287,260.5,0],"ix":1},"s":{"a":0,"k":[100,100,100],"ix":6},"sk":{"a":0,"k":0},"p":{"a":0,"k":[315,315,0],"ix":2},"r":{"a":0,"k":0,"ix":10},"sa":{"a":0,"k":0},"o":{"a":0,"k":100,"ix":11}},"ef":[],"masksProperties":[{"nm":"Mask 1","inv":false,"mode":"a","x":{"a":0,"k":0,"ix":4},"o":{"a":0,"k":100,"ix":3},"pt":{"a":0,"k":{"c":true,"i":[[148.065,0],[0,-148.065],[-148.065,0],[0,148.065]],"o":[[-148.065,0],[0,148.065],[148.065,0],[0,-148.065]],"v":[[271.096,2],[3,270.096],[271.096,538.191],[539.191,270.096]]},"ix":1}},{"nm":"Mask 2","inv":false,"mode":"s","x":{"a":1,"k":[{"o":{"x":0.167,"y":0.167},"i":{"x":0.833,"y":0.833},"s":[56],"t":0},{"o":{"x":0.167,"y":0.167},"i":{"x":0.833,"y":0.833},"s":[0],"t":16},{"o":{"x":0.167,"y":0.167},"i":{"x":0.833,"y":0.833},"s":[0],"t":196},{"s":[56],"t":222}],"ix":4},"o":{"a":0,"k":100,"ix":3},"pt":{"a":0,"k":{"c":true,"i":[[125.714,0],[0,-125.714],[-125.714,0],[0,125.714]],"o":[[-125.714,0],[0,125.714],[125.714,0],[0,-125.714]],"v":[[272.625,41],[45,268.625],[272.625,496.25],[500.25,268.625]]},"ix":1}}],"sc":"#fcf57d","sh":521,"sw":574,"ind":8}],"v":"5.5.5","fr":32,"op":96,"ip":0,"assets":[]}