{"nm":"security tick","ddd":0,"h":500,"w":500,"meta":{"g":"LottieFiles AE 3.0.2"},"layers":[{"ty":4,"nm":"tick","sr":1,"st":0,"op":300,"ip":0,"hd":false,"ddd":0,"bm":0,"hasMask":false,"ao":0,"ks":{"a":{"a":0,"k":[0,0,0],"ix":1},"s":{"a":1,"k":[{"o":{"x":0.167,"y":0.067},"i":{"x":0.094,"y":1},"s":[62,62,100],"t":32},{"s":[100,100,100],"t":56}],"ix":6},"sk":{"a":0,"k":0},"p":{"a":0,"k":[250,250,0],"ix":2},"r":{"a":0,"k":0,"ix":10},"sa":{"a":0,"k":0},"o":{"a":0,"k":100,"ix":11}},"ef":[],"shapes":[{"ty":"gr","bm":0,"hd":false,"mn":"ADBE Vector Group","nm":"Group 1","ix":1,"cix":2,"np":2,"it":[{"ty":"sh","bm":0,"hd":false,"mn":"ADBE Vector Shape - Group","nm":"Path 1","ix":1,"d":1,"ks":{"a":0,"k":{"c":false,"i":[[0,0],[0,0],[0,0]],"o":[[0,0],[0,0],[0,0]],"v":[[-52.947,0],[-17.649,35.298],[52.947,-35.298]]},"ix":2}},{"ty":"st","bm":0,"hd":false,"mn":"ADBE Vector Graphic - Stroke","nm":"Stroke 1","lc":2,"lj":2,"ml":1,"o":{"a":0,"k":100,"ix":4},"w":{"a":0,"k":25.537,"ix":5},"c":{"a":0,"k":[1,1,1],"ix":3}},{"ty":"tr","a":{"a":0,"k":[0,0],"ix":1},"s":{"a":0,"k":[100,100],"ix":3},"sk":{"a":0,"k":0,"ix":4},"p":{"a":0,"k":[0,0],"ix":2},"r":{"a":0,"k":0,"ix":6},"sa":{"a":0,"k":0,"ix":5},"o":{"a":0,"k":100,"ix":7}}]},{"ty":"tm","bm":0,"hd":false,"mn":"ADBE Vector Filter - Trim","nm":"Trim Paths 1","ix":2,"e":{"a":1,"k":[{"o":{"x":0.21,"y":0},"i":{"x":0.178,"y":1},"s":[0],"t":32},{"s":[100],"t":62}],"ix":2},"o":{"a":0,"k":0,"ix":3},"s":{"a":0,"k":0,"ix":1},"m":1}],"ind":1},{"ty":4,"nm":"shield","sr":1,"st":0,"op":300,"ip":0,"hd":false,"ddd":0,"bm":0,"hasMask":false,"ao":0,"ks":{"a":{"a":0,"k":[0,0,0],"ix":1},"s":{"a":1,"k":[{"o":{"x":0.174,"y":0.822},"i":{"x":0.667,"y":1},"s":[46,46,100],"t":0},{"s":[100,100,100],"t":20}],"ix":6},"sk":{"a":0,"k":0},"p":{"s":true,"x":{"a":1,"k":[{"o":{"x":0.03,"y":0},"i":{"x":0.97,"y":1},"s":[250],"t":0},{"o":{"x":0.03,"y":0},"i":{"x":0.97,"y":1},"s":[250],"t":20},{"s":[250],"t":40}],"ix":3},"y":{"a":1,"k":[{"o":{"x":0.174,"y":0.822},"i":{"x":0.667,"y":1},"s":[319],"t":0},{"o":{"x":0.308,"y":0},"i":{"x":0.334,"y":1},"s":[197],"t":20},{"s":[250],"t":40}],"ix":4},"z":{"a":0,"k":0}},"r":{"a":0,"k":0,"ix":10},"sa":{"a":0,"k":0},"o":{"a":1,"k":[{"o":{"x":0.167,"y":0.167},"i":{"x":0.833,"y":0.833},"s":[0],"t":0},{"s":[100],"t":4}],"ix":11}},"ef":[],"shapes":[{"ty":"gr","bm":0,"hd":false,"mn":"ADBE Vector Group","nm":"Group 1","ix":1,"cix":2,"np":2,"it":[{"ty":"sh","bm":0,"hd":false,"mn":"ADBE Vector Shape - Group","nm":"Path 1","ix":1,"d":1,"ks":{"a":1,"k":[{"o":{"x":0.252,"y":0},"i":{"x":0.094,"y":1},"s":[{"c":true,"i":[[-29.271,0],[0,-29.271],[29.271,0],[0,29.271]],"o":[[29.271,0],[0,29.271],[-29.271,0],[0,-29.271]],"v":[[0,-53],[53,0],[0,53],[-53,0]]}],"t":25},{"s":[{"c":true,"i":[[-2.504,1.787],[-85.122,-7.093],[120.419,-40.532],[0,158.319]],"o":[[2.504,1.787],[0,158.319],[-120.419,-40.532],[85.122,-7.093]],"v":[[0,-169.229],[141.87,-126.668],[0,169.229],[-141.87,-126.668]]}],"t":56}],"ix":2}},{"ty":"fl","bm":0,"hd":false,"mn":"ADBE Vector Graphic - Fill","nm":"Fill 1","c":{"a":0,"k":[0.0588,0.7255,0.2392],"ix":4},"r":1,"o":{"a":0,"k":100,"ix":5}},{"ty":"tr","a":{"a":0,"k":[0,0],"ix":1},"s":{"a":0,"k":[100,100],"ix":3},"sk":{"a":0,"k":0,"ix":4},"p":{"a":0,"k":[0,0],"ix":2},"r":{"a":0,"k":0,"ix":6},"sa":{"a":0,"k":0,"ix":5},"o":{"a":0,"k":100,"ix":7}}]}],"ind":2}],"v":"4.8.0","fr":60,"op":77,"ip":0,"assets":[]}